,Subject,CardSort_Unadj,Flanker_Unadj,IWRD_TOT,ProcSpeed_Unadj,ListSort_Unadj,PicVocab_Unadj,ReadEng_Unadj,LifeSatisf_Unadj,MeanPurp_Unadj,PosAffect_Unadj,AngAffect_Unadj,AngHostil_Unadj,FearAffect_Unadj,PercStress_Unadj,Sadness_Unadj
0,100206,119.14,130.42,34,138.72,112.89,119.8914,113.546,45.6,50.0,48.4,54.8,61.7,63.3,57.8,55.0
1,100307,123.75,112.56,35,122.65,108.06,107.2,111.07,48.0,42.4,46.2,46.9,60.8,53.9,57.9,53.4
2,100408,111.14,121.18,37,107.08,108.06,134.24,131.81,57.7,51.9,48.4,50.6,42.8,55.1,46.8,49.9
3,100610,129.84,126.53,38,111.11,117.39,140.8151,141.3166,60.1,46.8,55.1,47.5,49.1,49.6,37.8,44.2
4,101006,105.19,101.85,37,90.59,93.9,95.42348,113.5374,46.5,48.1,42.0,59.0,49.0,49.3,48.8,48.7
5,101309,99.76,113.67,34,105.28,117.39,123.3551,106.9173,48.5,71.6,52.8,38.3,36.6,43.3,42.9,38.5
6,101915,102.25,98.94,35,103.25,117.39,121.63,120.95,70.6,71.6,62.4,43.9,40.5,49.0,42.6,42.7
7,102109,112.47,110.38,32,93.82,121.89,122.3403,115.1095,64.5,53.5,56.4,40.5,40.9,41.1,47.7,38.1
8,102513,102.84,86.31,35,60.09,112.89,121.2287,124.8705,47.9,41.2,50.2,51.8,36.6,49.3,61.8,49.9
9,102614,124.08,124.64,38,152.77,117.39,112.6225,106.7909,60.1,53.7,55.7,49.0,51.4,47.2,39.6,44.8
10,102715,116.16,104.59,35,126.95,117.39,124.4154,121.6283,64.5,48.8,52.7,35.2,48.0,32.9,28.6,34.2
11,103111,107.69,103.86,34,97.15,126.18,123.1029,118.7641,55.0,62.9,50.2,50.1,36.6,49.6,47.5,45.8
12,103414,107.52,102.76,37,110.41,112.89,108.83,111.35,57.1,53.6,50.2,44.2,47.7,49.0,50.9,41.7
13,103818,107.93,101.75,37,107.0,117.39,130.89,120.49,43.0,32.7,44.4,49.8,46.0,52.9,48.3,49.9
14,104012,110.61,100.62,35,109.05,96.99,107.49,102.5179,59.7,55.8,48.4,43.8,47.1,50.7,48.3,45.0
15,104416,119.59,115.12,31,134.82,108.06,124.514,128.4841,62.8,61.2,63.2,48.4,38.0,51.2,35.7,43.9
16,105014,101.87,97.68,37,90.22,112.89,115.13,130.17,65.8,63.2,52.7,42.8,45.4,51.4,42.9,41.9
17,105115,109.62,106.14,37,103.91,126.18,121.81,119.17,55.0,40.4,46.5,51.8,52.3,51.2,55.5,55.0
18,105216,138.6,137.11,40,125.96,121.89,126.21,125.67,51.1,33.6,40.3,54.3,48.4,58.0,51.6,55.2
19,105620,143.94,115.04,38,121.22,121.89,120.2309,125.504,57.1,43.9,50.2,46.2,60.8,44.3,55.0,41.7
20,105923,109.81,112.7,40,76.8,117.39,114.8966,129.6218,54.4,48.1,52.4,41.9,49.3,49.6,47.1,39.1
21,106016,111.97,113.61,35,116.45,108.06,115.38,117.37,57.7,51.9,50.2,46.0,51.4,49.6,46.2,48.1
22,106319,128.03,113.89,40,94.79,104.06,126.34,131.75,43.0,33.6,41.7,57.0,48.0,61.5,61.1,63.4
23,106521,124.39,113.07,37,145.54,133.93,125.0447,135.9465,45.4,43.6,45.0,32.0,58.6,47.2,40.7,45.7
24,106824,114.82,111.44,39,121.22,130.38,123.0852,119.5151,59.7,50.0,50.2,47.7,60.2,42.6,52.3,49.4
25,107018,103.3,101.57,37,115.83,108.06,121.8928,120.6881,60.1,50.0,54.2,48.0,40.9,46.7,50.6,41.7
26,107321,115.07,126.63,37,127.84,130.38,128.4,123.78,46.8,36.7,42.0,47.7,46.2,49.6,44.1,43.6
27,107422,114.79,126.11,38,128.25,137.98,133.0329,134.8629,55.0,46.0,50.2,45.1,46.3,51.2,46.8,39.6
28,108020,122.44,116.83,34,113.4,117.39,115.7674,110.5715,62.8,53.5,50.2,46.5,56.9,49.0,45.3,45.0
29,108222,109.98,118.42,40,113.4,144.5,127.3699,124.2336,57.1,39.9,50.2,48.2,47.6,53.9,41.5,46.1
30,108323,119.66,121.42,36,119.54,108.06,111.61,115.11,62.8,57.8,49.6,47.1,59.5,46.0,51.0,45.6
31,108525,93.21,96.17,35,86.59,100.43,106.37,103.24,47.2,50.0,50.2,46.1,36.6,45.3,33.0,48.1
32,108828,102.62,105.22,36,113.22,100.43,118.8,119.15,36.7,46.2,29.8,64.7,73.6,70.4,69.8,65.8
33,110007,111.82,113.84,36,105.28,108.06,113.4609,108.4767,74.6,55.7,52.7,40.4,40.9,32.9,33.9,34.2
34,110411,125.37,118.25,40,122.73,121.89,126.18,125.44,57.1,45.3,52.7,44.2,45.0,49.0,31.6,34.2
35,110613,110.78,94.58,36,89.64,130.38,121.337,121.6983,59.7,50.0,56.4,33.6,40.5,42.6,29.2,34.2
36,111009,124.54,127.2,39,86.86,112.89,153.0889,118.366,65.8,60.4,50.2,57.3,51.7,55.7,44.4,49.9
37,111312,117.23,113.67,34,118.64,108.06,107.67,96.09,55.0,43.9,50.2,32.0,42.8,52.9,35.6,34.2
38,111413,136.1,128.39,32,114.75,104.06,109.41,119.01,41.2,50.0,48.1,56.8,61.2,57.7,57.3,60.5
39,111514,117.26,119.81,39,121.23,108.06,146.9198,123.8282,49.8,46.0,38.4,44.2,55.5,41.2,50.2,34.2
40,111716,110.53,100.7,37,103.3,104.06,123.57,128.71,57.1,64.3,55.3,66.9,54.8,46.6,47.8,44.9
41,112112,103.46,109.37,36,113.4,104.06,123.1805,120.0745,62.8,60.0,62.4,28.6,51.7,46.0,45.0,34.2
42,112314,112.42,115.73,33,110.12,108.06,121.6903,113.6531,50.9,55.6,52.7,49.8,63.0,58.0,54.4,49.9
43,112516,100.45,116.96,39,111.11,100.43,118.6195,103.4653,71.9,65.5,50.2,52.2,45.1,56.0,43.6,43.4
44,112920,111.59,104.78,37,104.06,130.38,123.8164,116.5932,65.6,59.5,55.1,47.5,54.2,41.5,40.9,51.3
45,113215,121.37,142.11,38,128.55,130.38,120.31,128.18,52.0,43.5,44.1,63.9,59.4,58.3,64.7,53.5
46,113316,104.6,92.15,29,112.27,117.39,104.8695,128.293,44.4,58.0,45.6,40.1,55.2,45.7,54.5,49.9
47,113619,109.35,105.31,37,111.93,112.89,128.7,121.12,67.8,61.1,46.0,52.1,36.6,54.2,53.1,48.2
48,113922,122.39,109.58,38,118.78,133.93,111.37,106.78,47.9,46.1,54.1,50.9,56.6,46.0,49.3,45.8
49,114217,119.5,111.98,32,124.27,112.89,116.0618,140.1555,66.9,63.7,50.2,35.6,36.6,32.9,45.3,34.2
50,114318,117.98,110.53,26,135.98,112.89,109.7207,123.4728,50.5,52.2,44.4,53.4,45.8,60.5,57.9,48.2
51,114621,110.9,117.4,40,111.11,104.06,113.4061,119.2225,60.3,49.1,50.2,46.5,50.0,41.5,48.1,43.6
52,114823,112.93,111.75,38,135.98,126.18,123.072,141.0733,44.4,43.9,45.9,47.1,45.0,50.2,44.8,45.7
53,115320,112.78,101.82,36,115.64,100.43,107.8,106.23,62.5,55.9,50.2,48.7,53.0,46.0,37.8,43.6
54,115724,128.04,123.46,33,144.47,93.9,101.4302,102.2321,51.1,40.8,50.2,50.0,63.1,61.5,50.7,39.8
55,115825,95.79,112.21,38,89.64,104.06,92.84103,96.06393,45.5,42.4,57.2,45.0,51.4,46.0,56.1,51.2
56,116726,129.19,117.4,34,119.98,126.18,113.7863,131.9735,67.8,62.6,55.7,41.5,40.5,48.7,37.3,43.6
57,117021,119.18,103.76,39,122.72,126.18,130.0459,122.475,59.7,48.1,44.4,51.3,52.9,52.9,44.7,45.6
58,117324,99.85,105.22,38,105.27,96.99,105.88,106.46,57.7,71.6,71.6,28.6,36.6,52.9,22.4,34.2
59,117930,101.68,94.38,37,104.06,108.06,124.5602,124.5595,62.8,50.0,50.2,43.8,50.7,41.5,47.4,38.5
60,118023,108.67,118.66,39,122.72,100.43,114.31,107.4202,62.9,48.1,52.7,48.1,44.9,46.7,46.0,39.0
61,118124,123.11,108.46,36,99.14,91.07,107.6174,103.085,42.6,51.9,50.6,28.6,48.8,43.3,40.3,34.2
62,118225,112.58,115.38,37,99.14,130.38,124.5263,124.4669,57.7,42.9,48.4,39.7,49.8,43.3,40.2,34.2
63,118528,133.28,114.23,36,116.04,104.06,118.67,108.8,70.0,65.6,52.7,61.5,52.5,55.5,62.3,50.8
64,118730,112.99,110.38,37,108.71,112.89,113.72,106.67,57.1,44.0,52.7,54.3,54.8,51.2,49.2,46.1
65,118831,129.85,118.28,39,119.98,112.89,135.6653,128.9936,40.6,51.9,35.0,52.3,63.0,73.4,75.0,69.5
66,118932,115.43,113.07,36,122.66,104.06,110.63,122.32,47.7,44.5,47.2,45.1,57.3,51.9,54.0,46.1
67,119025,113.06,95.64,37,106.57,144.5,130.3676,126.8451,54.4,60.8,43.8,45.6,36.6,36.5,32.2,34.2
68,119126,104.3,109.84,34,133.26,112.89,105.9275,109.9567,52.0,51.9,44.4,54.3,58.9,61.6,57.7,53.3
69,119732,100.13,93.13,38,91.62,100.43,121.8928,120.0374,62.5,53.6,48.4,53.0,46.5,58.3,53.6,48.1
70,119833,107.0,131.82,31,110.79,108.06,111.45,103.48,52.6,42.4,50.2,57.1,60.1,37.6,59.8,34.2
71,120111,111.96,112.13,35,116.23,88.68,119.1,121.2,54.4,47.8,50.2,31.6,48.9,41.8,47.7,43.3
72,120212,114.39,108.82,39,115.39,121.89,126.2,123.53,48.8,50.0,50.2,51.8,49.1,59.8,52.0,48.2
73,120414,98.53,96.05,31,85.34,100.43,113.784,111.3651,51.1,46.1,46.5,47.5,53.4,49.0,43.9,44.7
74,120515,118.0,93.8,38,100.04,108.06,106.11,111.0,59.7,57.6,50.2,47.5,40.5,51.2,42.4,48.1
75,120717,125.11,116.57,37,124.27,117.39,123.2786,127.0684,44.8,49.1,52.7,47.5,46.0,53.7,51.9,51.2
76,121416,104.06,94.4,35,84.34,112.89,119.6009,116.231,41.3,48.7,42.0,40.6,36.6,49.3,35.8,45.8
77,121618,108.85,112.89,35,112.98,104.06,132.95,116.29,38.3,40.8,43.8,56.9,56.9,57.6,49.3,51.7
78,122317,103.09,105.76,37,97.38,117.39,110.94,104.18,62.8,46.5,50.2,50.9,53.5,51.4,46.5,45.0
79,122620,110.18,114.15,32,110.6,108.06,110.36,123.74,55.0,50.0,58.8,39.6,36.6,40.0,52.9,34.2
80,122822,106.33,107.59,38,118.67,104.06,115.7786,115.1137,71.4,62.7,57.1,50.3,53.0,54.4,45.3,53.3
81,123521,85.37,118.28,31,133.26,104.06,115.3583,126.7233,55.0,51.7,42.0,61.1,43.4,65.7,58.2,52.5
82,123925,138.91,126.15,39,130.11,112.89,103.19,124.01,48.8,45.2,50.2,39.7,54.5,49.9,46.5,44.8
83,124422,110.66,109.58,38,115.67,93.9,108.33,91.33,48.3,44.3,42.0,63.4,56.9,63.3,58.7,62.2
84,124826,115.6,121.91,32,124.27,104.06,128.207,120.9202,64.5,60.6,50.2,47.5,36.6,51.2,45.7,55.0
85,125222,104.48,97.65,38,106.57,133.93,124.9112,130.1292,50.3,59.7,42.0,55.7,61.3,55.7,51.6,62.2
86,125424,95.05,95.21,36,110.12,112.89,117.5039,119.8836,67.8,57.8,46.2,57.0,50.3,47.2,49.8,43.8
87,126325,125.65,125.34,36,109.66,112.89,114.74,124.87,57.1,50.0,52.7,28.6,45.0,36.5,41.4,34.2
88,126426,108.05,103.78,35,145.54,108.06,104.2913,103.9257,57.1,55.9,46.5,55.6,59.4,51.2,57.7,44.7
89,127226,105.68,102.73,35,82.08,100.43,108.9755,114.501,53.2,47.8,44.4,53.4,63.0,53.7,55.4,46.1
90,127630,117.39,124.4,37,154.69,137.98,112.7767,126.6443,55.0,50.0,50.2,50.6,49.6,58.3,50.3,45.6
91,127832,118.32,104.59,34,115.83,100.43,130.0463,108.5761,74.6,71.6,58.5,42.4,36.6,46.3,32.6,44.9
92,127933,119.06,108.52,32,118.93,117.39,117.45,132.65,55.0,40.9,48.4,59.0,36.6,54.4,51.9,48.2
93,128127,114.71,117.4,38,123.61,108.06,117.69,122.31,57.1,53.6,48.4,50.8,51.5,46.7,46.5,46.1
94,128632,107.36,107.28,32,108.79,112.89,114.35,107.25,48.0,46.8,48.4,38.7,48.0,42.7,46.8,34.2
95,128935,123.05,115.38,37,106.57,112.89,131.0498,141.8487,57.1,59.8,52.1,45.6,51.5,49.3,47.6,45.6
96,129028,103.92,102.41,34,107.23,117.39,122.85,122.54,64.5,50.3,46.5,46.8,47.2,42.5,39.2,41.8
97,129129,114.69,114.06,35,118.67,96.99,112.3482,126.2477,38.3,44.7,40.3,59.0,59.6,59.8,57.5,53.3
98,129634,99.11,99.94,37,102.91,108.06,110.5733,106.3234,64.5,54.7,58.7,46.8,45.8,46.0,40.4,34.2
99,130013,108.83,111.15,37,121.47,112.89,118.53,118.88,55.6,55.9,57.1,47.5,53.5,50.7,41.4,38.5
100,130114,131.62,125.19,38,135.98,108.06,127.8275,129.4267,70.6,64.3,65.1,36.6,36.6,46.0,28.9,34.2
101,130417,114.75,122.53,38,97.15,108.06,125.0839,130.3602,55.0,47.9,54.1,44.8,53.8,51.2,45.3,48.1
102,130619,119.16,112.21,35,150.84,126.18,130.8938,134.3721,54.4,45.8,48.1,48.4,50.5,55.5,45.3,48.2
103,130720,109.62,101.16,37,111.11,112.89,117.4743,120.454,50.5,43.4,42.9,49.1,60.2,43.3,39.5,44.7
104,130922,130.39,109.84,39,119.0,126.18,131.19,125.91,60.3,54.3,50.1,48.6,48.9,53.7,53.2,48.2
105,131217,119.87,119.25,39,118.67,93.9,115.3752,120.7198,55.0,51.7,44.4,49.8,48.0,55.8,50.7,49.9
106,131419,114.31,107.41,39,107.8,121.89,119.9508,129.6218,51.8,51.6,50.2,42.7,43.6,52.9,43.7,45.6
107,131823,118.01,113.97,37,138.72,112.89,129.3487,129.1036,62.5,42.1,42.0,50.9,53.9,56.5,52.2,49.9
108,131924,118.59,111.24,38,117.08,137.98,122.22,130.27,52.6,71.6,60.1,28.6,41.4,43.6,50.6,42.3
109,132017,115.53,116.01,35,126.95,108.06,127.1616,120.9043,49.2,59.7,48.4,44.6,59.2,37.2,50.5,51.2
110,133625,112.99,99.69,31,102.04,130.38,115.45,123.49,60.1,53.9,42.1,42.8,53.6,49.0,39.0,44.8
111,133928,110.9,108.93,34,112.67,108.06,105.06,112.07,45.9,60.1,40.3,44.8,51.5,44.3,59.5,49.9
112,134021,105.29,110.84,33,96.06,93.9,106.5826,94.09068,69.1,57.7,55.7,31.6,36.6,49.0,31.6,39.6
113,134223,112.99,103.76,36,122.72,133.93,120.4267,126.5055,74.6,60.8,50.2,52.8,50.8,51.2,48.8,48.1
114,134728,117.29,110.78,35,110.12,104.06,112.6015,112.8457,55.0,55.8,44.4,42.4,45.2,32.9,37.8,41.2
115,134829,103.68,107.59,34,115.83,104.06,105.6876,103.9233,66.7,60.9,54.1,65.5,61.7,55.1,56.1,56.2
116,135124,118.91,96.18,38,125.64,108.06,114.9569,112.4978,45.0,36.5,50.2,49.8,42.4,58.3,68.1,60.3
117,135225,125.17,120.56,40,120.27,108.06,111.67,113.71,57.1,60.5,52.4,56.9,50.6,58.0,49.6,49.4
118,135528,122.5,129.71,36,107.54,126.18,105.88,93.15,65.8,57.6,50.2,44.2,45.0,54.9,51.5,46.1
119,135629,118.62,104.89,38,113.4,112.89,113.0438,117.0778,45.9,37.9,52.7,54.7,57.4,53.9,52.6,52.7
120,135730,119.59,122.27,39,131.64,100.43,113.4293,108.1692,35.6,43.2,48.4,44.9,56.7,58.0,63.1,49.8
121,135932,143.94,115.87,36,126.47,100.43,113.88,116.59,71.9,58.0,52.7,47.5,57.4,49.0,43.7,46.1
122,136126,116.08,114.06,33,94.92,117.39,119.3642,110.9044,62.5,46.5,46.2,50.9,54.7,49.2,40.4,43.0
123,136227,108.57,109.29,39,94.92,96.99,116.334,115.9069,46.5,46.8,46.2,51.0,49.3,53.7,50.4,48.2
124,136631,116.08,89.22,34,94.92,112.89,100.952,107.58,64.5,57.8,50.2,47.5,58.9,42.9,43.6,42.5
125,137027,123.4,108.08,38,110.8,117.39,113.1,107.64,41.3,51.9,50.2,37.0,47.1,32.9,39.5,34.2
126,137128,114.68,102.77,32,114.85,130.38,116.39,121.01,55.0,46.1,50.2,46.8,36.6,44.3,41.4,46.1
127,137229,118.74,114.61,39,107.8,112.89,126.4815,121.9883,48.5,59.6,71.6,41.5,59.6,47.2,45.4,48.2
128,137532,98.18,112.31,35,94.92,108.06,109.9835,97.7005,57.1,51.9,50.2,59.0,51.7,52.9,49.4,49.9
129,137633,107.52,104.82,38,112.27,112.89,109.5157,116.7144,62.9,71.6,64.5,46.5,40.5,49.0,53.1,42.5
130,138130,110.65,107.53,40,118.67,100.43,126.1153,127.2036,43.1,42.9,45.0,49.5,57.3,52.1,57.9,43.3
131,138231,110.53,108.98,38,110.3,100.43,105.69,107.91,55.0,48.1,42.7,52.0,51.1,51.4,51.3,44.7
132,138332,130.78,108.82,32,106.57,112.89,115.2631,121.1449,59.9,49.4,48.4,44.3,53.0,52.9,53.0,42.9
133,138534,111.03,118.66,37,103.19,130.38,108.7,106.22,52.6,53.8,55.1,36.2,41.4,32.9,39.6,34.2
134,138837,99.42,97.68,31,100.29,104.06,99.81483,100.7036,43.1,38.7,42.0,54.1,52.7,60.5,54.6,53.3
135,139233,122.78,115.92,39,113.01,108.06,117.46,114.3,62.8,65.7,63.8,42.7,40.5,47.3,40.4,34.2
136,139435,102.95,95.12,33,115.83,104.06,118.6395,115.1037,74.6,55.9,52.7,47.5,50.3,51.2,45.4,45.5
137,139637,126.05,108.46,37,116.01,104.06,117.41,110.89,55.0,54.0,46.2,44.3,57.7,51.2,47.5,42.6
138,139839,115.77,126.74,36,145.54,108.06,128.1123,126.3766,55.0,50.0,54.2,50.1,48.0,49.6,48.1,50.9
139,140117,101.18,101.82,30,104.24,108.06,100.53,114.73,48.3,44.5,55.7,52.8,58.1,49.2,59.5,62.2
140,141422,123.13,111.89,37,115.83,133.93,124.5884,122.7735,62.8,50.0,48.4,46.0,59.0,46.2,51.2,43.8
141,142828,121.95,115.04,39,121.63,117.39,116.32,126.83,57.1,53.6,54.7,54.6,42.4,46.0,51.9,45.8
142,143224,112.65,114.61,40,151.81,96.99,125.5795,118.9618,67.8,57.8,61.2,54.8,53.6,54.4,48.8,47.9
143,143325,104.84,95.53,36,103.96,112.89,118.89,119.25,37.9,42.7,48.4,44.3,67.0,56.0,57.2,49.4
144,144933,103.17,99.77,39,126.95,104.06,117.5291,119.0812,55.6,51.1,58.8,50.9,70.9,58.3,56.3,51.2
145,145127,118.18,119.02,29,104.06,100.43,122.1825,115.0681,60.1,51.3,48.4,51.0,54.0,54.4,44.6,49.9
146,145632,127.37,121.97,33,119.98,126.18,127.8803,121.5229,36.4,31.4,37.0,69.1,65.8,59.8,65.6,65.7
147,145834,104.92,111.15,33,93.81,126.18,125.42,121.3,55.0,50.0,42.0,46.0,36.6,60.7,52.7,48.1
148,146129,134.24,121.83,36,152.77,117.39,114.1005,118.1983,51.6,57.9,60.2,46.5,40.5,51.2,44.1,49.9
149,146432,113.22,115.08,29,118.67,100.43,119.4713,120.7051,57.1,52.2,44.4,48.5,36.6,32.9,41.2,34.2
150,146533,111.28,94.48,37,112.27,117.39,117.913,125.5651,54.4,50.0,55.1,37.9,51.4,49.3,52.3,34.2
151,146836,121.88,113.5,32,102.91,100.43,112.0827,110.6315,51.2,42.4,44.4,47.8,59.5,56.0,50.2,55.0
152,146937,113.81,100.27,38,112.27,108.06,126.4283,115.7193,53.1,48.1,50.2,48.7,48.9,43.7,47.8,46.1
153,147737,115.42,109.98,37,114.52,112.89,130.6681,107.9434,47.0,46.0,40.3,48.5,65.1,56.5,64.0,60.5
154,148032,108.89,131.56,32,110.59,126.18,122.88,125.26,60.1,65.0,57.2,37.4,36.6,46.0,29.2,39.6
155,148133,128.57,112.21,34,111.11,112.89,123.2349,135.7199,47.8,50.0,55.0,55.0,63.6,55.8,56.0,55.0
156,148436,102.55,98.59,37,91.62,108.06,110.3152,108.0736,57.1,56.1,50.2,43.3,54.9,42.9,43.6,42.3
157,148840,136.1,126.74,37,113.2,108.06,113.87,113.27,52.6,46.8,50.2,49.0,64.9,56.0,53.8,51.3
158,148941,111.36,116.43,34,117.2,96.99,114.9241,119.141,64.5,68.1,59.7,49.0,49.0,52.1,43.7,38.9
159,149236,136.1,128.76,39,154.69,117.39,137.4778,134.9019,52.7,40.8,40.2,49.9,54.3,57.7,52.1,54.3
160,149539,116.55,137.11,37,129.73,117.39,125.62,135.81,64.5,51.7,46.2,48.1,55.0,55.8,49.1,43.5
161,149741,120.61,112.75,26,108.54,100.43,101.57,111.94,62.6,56.5,52.1,37.2,47.1,41.1,43.9,38.9
162,149842,138.87,116.57,37,107.8,108.06,110.8928,124.6814,65.8,52.2,56.0,44.2,55.5,50.8,46.3,49.4
163,150928,118.41,113.32,34,118.67,117.39,122.6043,112.8431,51.1,49.9,50.2,55.0,49.7,57.7,59.3,51.2
164,151425,128.57,106.29,35,122.72,108.06,114.8708,124.5489,56.6,60.8,57.1,49.5,64.4,49.0,51.8,46.1
165,151627,119.76,121.64,40,117.38,121.89,119.43,124.0,70.1,61.3,67.8,40.2,51.2,39.4,39.0,34.2
166,151829,125.31,115.12,33,125.64,117.39,111.1107,121.5629,50.9,65.6,42.0,50.3,51.3,55.1,43.0,51.0
167,151930,124.56,114.8,37,122.72,117.39,129.4895,126.5796,47.8,44.5,46.5,59.0,49.7,53.7,52.0,48.2
168,152225,122.94,116.43,36,124.27,144.5,145.2734,133.721,67.8,56.1,48.4,48.4,36.6,46.0,35.8,43.0
169,152427,114.32,108.18,40,138.72,130.38,124.7792,125.7007,60.1,52.2,46.5,50.9,51.6,63.0,45.3,50.8
170,152831,115.84,106.89,35,93.82,104.06,132.3688,132.7345,44.4,39.7,33.2,57.1,61.8,59.8,59.4,62.2
171,153025,115.29,114.53,37,96.52,133.93,110.61,111.63,64.5,67.7,66.0,47.9,58.4,51.2,46.8,44.2
172,153227,108.33,105.63,35,121.22,100.43,116.651,99.92009,53.1,50.0,50.2,49.5,36.6,46.9,53.2,46.3
173,153429,117.54,125.34,38,125.02,121.89,130.71,121.26,60.1,48.2,48.4,54.4,36.6,65.6,46.9,56.6
174,153631,116.8,109.9,37,89.64,104.06,119.3331,117.9643,48.9,40.2,40.3,57.0,56.9,66.9,63.4,60.5
175,153934,143.94,121.39,38,138.72,126.18,116.4706,124.4921,74.6,52.2,52.7,41.9,47.2,42.6,33.0,38.9
176,154229,103.77,114.61,38,100.29,112.89,114.8764,121.1854,43.3,45.2,46.5,40.4,64.6,63.3,64.0,48.5
177,154431,118.84,125.19,37,119.52,100.43,109.15,111.53,74.6,71.6,52.7,28.6,36.6,32.9,22.4,34.2
178,154532,100.6,93.57,37,138.72,104.06,105.6663,103.5347,57.3,44.5,52.7,51.8,48.9,54.4,52.0,42.4
179,154734,123.61,129.71,39,98.16,108.06,126.5832,123.3659,68.2,68.1,55.7,35.4,36.6,46.9,29.6,39.0
180,154835,118.01,98.47,36,114.52,117.39,110.7845,110.9118,48.9,53.8,55.7,45.0,58.0,51.2,49.0,48.2
181,155635,118.5,118.19,38,128.07,121.89,118.29,115.52,48.8,50.0,42.7,54.1,58.3,52.3,52.2,49.9
182,155938,116.08,142.11,32,91.62,108.06,125.9663,121.2317,55.0,38.3,46.5,36.9,36.6,50.6,33.3,44.7
183,156031,110.99,105.15,39,135.98,108.06,118.477,113.2085,68.2,60.8,71.6,54.1,45.2,46.0,41.0,44.8
184,156334,119.76,121.42,36,127.97,100.43,111.15,103.91,65.6,51.7,52.7,48.7,40.5,47.2,50.7,45.6
185,156435,128.95,130.68,40,133.26,117.39,113.2644,122.3832,49.8,57.7,52.7,54.3,56.3,52.1,53.0,46.1
186,156536,129.77,124.78,38,154.69,121.89,140.7528,130.2654,57.1,58.7,50.2,44.6,48.5,46.7,48.3,43.9
187,157336,113.99,120.9,39,108.36,84.63,134.26,146.16,57.1,48.5,50.2,49.0,36.6,51.2,38.9,48.1
188,157942,112.04,106.78,35,111.11,117.39,114.8529,107.663,48.0,50.0,50.2,50.9,53.8,54.9,59.2,57.6
189,158035,130.0,126.63,31,119.85,84.63,117.53,111.91,48.0,46.2,35.0,54.9,40.9,48.6,51.0,53.4
190,158338,134.08,108.4,36,117.2,104.06,137.4778,145.6397,55.0,58.5,61.6,51.8,57.0,54.1,51.8,46.1
191,158843,114.06,114.53,34,99.14,126.18,116.597,114.7298,57.7,48.5,50.2,48.8,62.6,51.2,47.1,39.0
192,159239,109.54,119.7,39,112.98,121.89,122.73,112.69,51.7,53.8,50.8,28.6,54.0,32.9,43.6,34.2
193,159340,101.54,106.78,33,96.86,104.06,120.44,119.5,65.8,68.1,71.6,36.5,36.6,37.6,24.7,34.2
194,159946,125.0,131.35,36,154.69,108.06,122.8793,114.4808,53.1,48.3,42.0,65.6,56.7,61.6,55.9,55.0
195,160123,113.02,116.34,36,122.5,121.89,112.67,101.18,45.1,56.9,40.0,51.2,40.9,50.6,55.8,48.2
196,160729,118.99,107.18,37,128.25,117.39,110.1038,113.13,53.1,51.0,46.5,53.8,51.5,60.5,60.3,45.7
197,161630,136.1,127.53,36,110.12,117.39,117.62,123.93,62.8,55.8,58.5,38.1,40.5,41.7,27.7,39.4
198,161731,113.93,107.82,36,118.37,93.9,122.06,122.71,57.1,50.0,68.7,44.6,53.0,51.2,40.6,34.2
199,162026,119.39,111.98,37,125.07,93.9,116.91,118.85,55.0,44.5,50.2,34.6,50.3,32.9,46.5,34.2
200,162228,108.21,110.74,32,109.05,121.89,113.896,117.1148,58.9,57.7,50.2,31.6,36.6,37.9,28.9,34.2
201,162329,83.93,108.18,34,106.25,108.06,105.52,91.32,65.8,53.5,52.7,31.6,42.8,39.6,42.4,34.2
202,162935,123.42,123.33,34,106.57,104.06,117.2298,121.1766,37.0,46.5,33.2,54.0,48.0,51.2,43.5,55.0
203,163129,117.07,125.46,36,111.91,112.89,118.86,114.33,64.1,71.6,55.1,48.4,43.6,59.8,53.9,51.0
204,163432,115.43,119.39,35,116.72,112.89,120.72,116.51,62.8,58.6,55.7,45.6,47.1,51.2,44.0,46.1
205,164030,123.58,109.62,34,113.13,112.89,115.86,116.17,57.1,56.1,40.7,45.9,36.6,42.6,24.7,38.5
206,164636,114.13,124.78,32,101.6,137.98,114.8892,107.4167,74.6,63.1,52.7,44.4,42.8,43.8,32.2,48.1
207,165436,103.89,95.9,34,135.98,112.89,125.7097,130.7467,51.1,50.2,46.5,50.6,67.5,59.8,50.6,48.2
208,165638,108.08,107.92,36,129.82,126.18,136.049,129.6218,67.7,61.3,65.8,37.8,47.6,41.4,29.2,34.2
209,166438,112.9,107.48,35,107.86,117.39,119.1,127.68,52.6,48.5,52.7,43.0,59.6,49.6,41.4,38.5
210,167036,116.55,101.99,37,109.36,100.43,112.82,112.52,74.6,71.6,58.5,47.5,42.8,49.6,36.1,41.5
211,167238,119.76,116.72,32,96.06,108.06,112.2093,115.3645,64.5,51.7,58.7,54.0,59.5,49.0,45.3,46.1
212,167440,112.04,112.13,40,105.28,93.9,113.9494,120.5032,43.1,52.2,43.6,40.5,49.1,45.9,43.1,56.9
213,168139,101.7,104.56,36,100.29,121.89,122.1224,108.3083,59.7,56.7,50.2,49.2,46.2,53.1,61.4,47.2
214,168341,104.41,103.95,30,93.77,112.89,134.35,119.15,40.6,40.5,50.2,49.6,42.8,39.9,38.1,34.2
215,168745,105.99,99.86,36,102.91,121.89,115.6633,106.5137,45.4,48.5,36.0,59.2,62.3,63.3,57.2,58.8
216,168947,108.18,97.34,35,129.82,117.39,116.5913,112.6107,57.1,53.9,50.2,44.2,58.3,32.9,38.4,34.2
217,169444,108.25,104.72,33,101.6,104.06,123.2308,126.4789,66.9,67.3,60.0,58.8,43.3,66.9,59.0,47.6
218,169545,143.94,116.34,36,149.88,126.18,112.2389,121.4331,54.4,56.2,48.1,52.2,53.6,54.4,42.8,44.0
219,169747,108.39,115.12,38,117.2,108.06,118.1377,126.7149,59.7,50.0,47.2,48.1,51.2,53.7,42.2,48.7
220,169949,122.44,115.87,35,144.47,112.89,113.4016,113.0933,65.6,58.5,50.2,43.0,45.0,51.2,31.8,34.2
221,171330,111.22,113.5,31,96.06,108.06,119.8787,105.5136,52.9,50.0,42.0,46.1,52.2,50.6,37.3,47.6
222,172029,116.59,109.62,33,110.12,100.43,110.8088,113.546,62.8,52.2,50.2,49.8,62.9,58.3,52.4,49.9
223,172130,118.52,113.32,34,103.62,112.89,113.03,107.57,38.8,42.1,48.4,54.1,46.7,54.4,52.4,47.6
224,172332,104.38,104.59,40,100.17,93.9,99.61,103.02,43.4,54.3,37.9,28.6,49.0,46.0,45.5,46.1
225,172433,111.94,107.76,39,119.98,117.39,109.9719,108.9928,44.0,51.9,45.6,28.6,56.2,32.9,55.7,42.6
226,172534,109.81,106.72,36,115.42,117.39,114.55,110.42,57.1,53.2,52.7,42.2,57.7,32.9,41.8,34.2
227,172938,108.38,104.32,32,104.23,96.99,96.46,103.51,57.3,58.7,51.8,40.3,47.1,46.7,46.8,34.2
228,173334,115.03,125.54,37,108.58,133.93,137.54,140.06,48.9,48.1,44.4,45.1,55.1,51.2,49.1,45.6
229,173435,115.91,106.78,34,113.4,121.89,125.57,122.55,40.9,59.9,48.4,47.0,40.5,49.6,35.2,46.1
230,173536,122.99,114.33,34,149.88,108.06,117.2627,121.3263,57.1,45.8,44.7,59.4,50.0,59.7,48.8,52.5
231,173738,121.24,118.28,38,110.12,100.43,135.1487,130.1794,58.6,50.0,38.4,57.1,51.6,55.1,61.7,52.7
232,173940,107.84,96.43,36,109.81,121.89,118.1,126.17,60.1,48.1,46.5,47.2,52.0,51.2,52.4,49.4
233,174437,102.11,108.59,38,115.22,96.99,101.47,108.74,49.8,68.1,58.2,53.2,55.1,59.7,60.2,53.5
234,174841,120.38,99.32,36,118.67,100.43,124.1657,119.0421,66.9,50.6,60.8,32.7,36.6,32.9,22.4,34.2
235,175136,111.88,98.51,31,124.27,108.06,114.1786,106.6453,70.1,61.6,66.0,44.3,54.7,51.0,37.0,42.1
236,175237,112.4,117.4,29,154.69,130.38,122.3772,117.1033,57.1,50.0,57.1,45.1,45.2,44.3,39.1,46.1
237,175742,116.5,110.53,35,133.26,117.39,116.2988,109.4593,57.1,61.6,50.2,42.4,53.0,40.1,39.1,34.2
238,176037,128.19,127.66,35,150.84,117.39,115.7057,112.6149,57.1,50.3,48.4,49.8,54.5,49.0,54.4,49.9
239,176542,101.27,111.62,37,109.88,112.89,118.54,106.86,45.5,37.9,45.0,44.4,42.8,35.9,43.6,34.2
240,176845,107.14,109.54,35,115.83,104.06,107.4004,110.0629,58.9,53.2,71.6,28.6,36.6,42.7,39.0,42.1
241,177140,113.2,104.82,36,119.98,117.39,120.6846,116.366,49.8,50.0,36.2,44.6,45.1,51.2,43.8,44.0
242,177241,118.45,112.13,40,122.72,104.06,109.7422,109.1947,62.5,55.8,50.2,43.8,42.8,46.0,46.7,34.2
243,177645,125.42,110.91,39,107.82,108.06,121.22,117.58,48.0,48.1,40.3,53.9,45.0,54.0,46.1,51.7
244,178142,122.5,114.23,36,127.53,121.89,132.41,135.36,55.0,38.7,48.4,40.3,53.9,32.9,41.6,34.2
245,178243,98.44,130.89,36,128.25,108.06,102.8098,104.3683,47.0,42.1,44.4,40.6,58.1,45.2,58.5,42.2
246,178849,118.76,131.61,36,118.67,108.06,118.3415,113.1191,50.2,48.1,50.2,49.7,53.8,56.0,47.5,55.0
247,178950,120.24,114.33,36,117.15,126.18,110.83,126.87,42.0,36.8,40.2,67.2,59.4,56.0,58.9,62.2
248,180230,128.03,106.2,34,105.28,137.98,126.0044,122.5554,62.8,61.4,48.1,39.4,49.0,32.9,42.1,34.2
249,180432,143.94,136.62,40,129.14,100.43,125.97,124.94,65.8,59.8,46.5,52.8,43.6,54.1,53.4,43.6
250,180533,119.93,99.82,33,128.25,108.06,110.0948,117.716,55.0,45.8,48.1,47.5,49.5,51.9,50.4,43.3
251,180735,106.14,93.64,34,105.28,117.39,120.5634,118.4759,57.1,57.5,52.7,46.4,36.6,46.0,46.8,46.1
252,180937,122.12,104.32,38,86.42,133.93,134.2792,131.8461,52.7,60.8,42.0,50.3,55.4,53.7,62.5,55.5
253,181232,130.59,120.9,40,122.31,112.89,121.11,114.31,64.3,51.9,56.4,40.3,44.8,51.4,43.7,41.0
254,183034,122.94,115.31,39,108.36,126.18,128.6,125.74,49.2,50.3,50.2,35.3,58.0,38.3,38.4,34.2
255,185038,123.05,112.25,31,113.4,108.06,118.6504,106.4497,34.9,40.8,38.2,64.3,66.8,70.2,67.2,60.6
256,185139,129.86,142.11,37,119.92,117.39,110.88,114.87,65.5,52.2,48.8,28.6,49.0,54.9,43.7,34.2
257,185341,132.18,117.28,37,94.92,108.06,106.3371,110.1555,40.6,50.0,42.0,54.0,52.7,64.9,67.1,65.8
258,185442,119.58,142.11,38,125.64,108.06,124.2415,134.631,69.0,34.2,52.3,36.3,36.6,52.2,42.7,45.7
259,185947,114.39,115.73,34,117.2,108.06,120.1457,117.5174,43.8,44.3,46.5,50.7,59.5,63.9,67.5,62.3
260,186040,138.87,119.39,40,154.69,133.93,140.8416,140.056,60.3,56.5,46.0,49.8,45.8,56.0,48.3,48.1
261,186141,95.95,107.12,31,103.01,100.43,107.78,91.02,48.3,48.8,48.6,43.5,55.5,46.0,60.0,53.4
262,186545,111.2,105.22,31,107.8,108.06,103.7439,114.4487,46.5,42.4,33.2,59.0,57.9,59.8,66.0,58.9
263,187143,106.28,96.14,37,87.68,117.39,123.59,125.0,49.8,53.8,61.5,50.6,47.3,51.2,47.0,47.6
264,187345,123.23,116.43,35,152.77,126.18,130.0463,125.4287,54.4,46.1,50.2,43.0,53.9,51.2,49.9,46.1
265,187547,121.77,125.05,38,117.87,126.18,113.48,122.27,57.1,60.6,57.2,38.0,55.1,41.2,42.9,34.2
266,187850,119.87,118.12,28,129.82,104.06,104.8351,103.2814,57.3,60.2,64.6,47.5,36.6,51.2,54.6,43.6
267,188145,118.18,96.47,33,112.27,126.18,124.4889,123.4163,71.9,60.6,48.4,44.8,36.6,46.0,35.1,43.6
268,188347,113.9,115.38,32,124.93,117.39,106.23,102.25,62.9,57.8,50.2,28.6,49.0,32.9,35.9,34.2
269,188448,123.99,112.77,37,121.22,126.18,122.8005,125.3169,58.7,56.1,55.7,52.8,62.6,45.7,48.3,46.1
270,188549,112.62,123.46,30,90.59,96.99,122.2997,124.1721,53.4,42.7,46.5,46.0,58.5,56.5,50.6,48.7
271,189450,103.5,103.64,35,99.55,100.43,108.1,109.59,57.1,50.0,52.7,53.7,48.9,53.9,52.1,55.0
272,189652,122.5,89.59,34,89.64,104.06,117.3556,111.714,60.1,52.2,52.7,47.5,49.0,54.9,55.7,41.3
273,190031,133.28,111.24,36,122.7,117.39,123.66,124.57,41.7,48.1,40.2,57.4,54.5,46.2,50.3,54.3
274,191033,114.32,116.34,36,115.9,104.06,113.7,110.88,62.8,58.7,58.7,56.4,47.1,53.9,51.9,46.1
275,191235,117.98,121.28,36,134.82,108.06,113.1324,113.7257,65.5,49.4,50.2,44.2,42.4,41.7,41.9,34.2
276,191336,134.24,123.33,37,131.39,126.18,120.92,120.4,45.4,38.4,49.9,60.6,36.6,59.8,57.4,48.1
277,191841,111.59,109.37,38,112.65,112.89,114.12,114.48,57.1,53.6,52.7,51.3,53.0,59.8,49.3,41.5
278,191942,109.56,98.63,37,109.05,112.89,125.4275,112.3828,62.8,66.2,66.8,41.9,40.5,46.2,28.9,34.2
279,192035,107.15,104.56,36,105.28,104.06,109.4123,116.0042,70.6,71.6,71.6,41.2,36.6,35.9,25.4,38.9
280,192136,112.74,117.89,37,121.22,108.06,101.1325,93.86195,55.1,58.0,50.8,55.6,56.3,50.4,45.4,42.0
281,192439,106.0,111.68,32,107.66,88.68,100.79,104.98,28.1,40.8,21.9,64.4,52.6,69.4,61.7,65.1
282,192540,119.76,114.15,31,109.84,112.89,105.98,115.97,59.7,50.0,52.7,28.6,42.4,54.0,35.9,38.9
283,192641,112.65,118.95,34,126.95,112.89,121.5331,119.7266,64.5,53.6,63.7,43.0,53.0,43.7,43.6,38.1
284,192843,113.03,124.13,38,101.28,100.43,119.88,115.16,55.0,50.0,55.7,54.4,48.0,51.2,48.2,51.3
285,193239,111.26,117.4,32,123.79,100.43,101.08,109.25,55.0,50.0,55.7,44.5,60.2,51.2,59.0,45.5
286,193845,116.7,113.07,37,126.95,112.89,116.529,105.9446,74.6,71.6,66.0,51.7,43.6,51.7,43.0,38.9
287,194140,104.77,110.9,37,107.74,93.9,104.42,107.98,47.2,55.7,50.6,42.5,51.4,46.9,52.3,50.8
288,194443,116.64,109.37,35,135.98,100.43,117.7173,124.9449,54.9,67.7,71.6,33.3,48.0,40.0,38.7,34.2
289,194645,116.7,113.75,32,77.83,112.89,102.9776,120.9898,57.1,47.8,42.0,52.0,55.5,51.2,54.2,51.3
290,195041,119.58,108.94,36,126.95,100.43,112.9418,126.2651,57.7,50.8,57.2,36.4,36.6,37.9,40.4,44.8
291,195445,118.76,108.78,35,112.27,108.06,118.1443,125.7272,40.1,34.1,45.0,55.7,60.6,59.6,64.7,51.3
292,195849,117.17,107.24,33,105.64,117.39,109.72,111.13,42.2,63.1,55.4,43.2,40.5,38.8,40.0,39.4
293,196144,120.05,109.29,27,110.26,112.89,109.99,122.9,44.8,43.9,36.2,57.1,64.4,59.6,55.8,55.0
294,196346,128.4,118.66,33,114.52,117.39,115.4399,106.5689,57.1,50.0,50.2,28.6,53.8,32.9,44.6,34.2
295,198451,118.33,118.28,37,117.67,117.39,115.48,111.28,52.0,45.2,56.5,58.9,54.7,64.9,57.4,64.0
296,198653,128.42,124.78,33,144.47,117.39,110.4944,120.518,54.9,37.9,45.9,54.9,59.6,43.9,50.1,55.4
297,199352,121.78,112.45,38,138.72,112.89,137.5687,124.1406,55.0,50.0,54.4,54.1,61.5,51.2,37.5,48.1
298,199453,110.55,127.95,37,116.01,121.89,119.55,112.25,57.3,57.8,52.7,32.0,42.8,46.0,47.5,45.5
299,199655,108.49,102.16,33,107.86,108.06,109.03,112.71,51.8,44.2,43.6,51.0,51.4,51.2,46.9,51.2
300,199958,107.98,113.42,31,105.08,108.06,121.67,103.27,47.6,42.1,54.1,52.3,62.6,49.2,59.3,34.2
301,200008,124.39,114.61,38,102.91,117.39,123.7836,127.9707,47.9,58.7,46.2,52.0,45.1,56.0,53.6,55.0
302,200109,118.69,124.92,39,154.69,126.18,115.0595,117.5935,57.1,51.9,52.1,45.6,45.0,51.2,42.3,43.3
303,200311,113.53,122.4,37,89.64,112.89,133.6614,150.705,57.7,56.9,50.1,47.0,47.2,46.0,43.7,45.6
304,200513,120.61,130.09,36,124.27,96.99,111.694,120.1667,50.0,50.0,48.1,51.7,63.3,54.4,52.1,56.9
305,201111,98.12,103.14,31,110.0,117.39,106.93,113.69,41.0,46.7,40.3,64.0,66.5,59.8,62.1,62.5
306,201818,109.47,103.76,35,105.68,93.9,124.12,118.92,57.1,57.6,46.1,48.1,55.7,45.7,44.4,43.6
307,202719,118.5,121.09,35,137.25,117.39,118.2223,105.4301,74.6,71.6,71.6,28.6,36.6,32.9,22.4,34.2
308,203418,117.19,109.98,38,116.75,104.06,129.02,132.65,47.0,45.0,42.3,54.8,59.4,54.4,46.8,53.4
309,204218,111.93,129.54,36,118.67,104.06,105.6688,105.8562,50.2,50.5,71.6,28.6,55.4,32.9,37.3,34.2
310,204319,123.06,109.09,35,137.25,117.39,119.6225,114.4496,55.0,47.8,48.4,60.7,63.3,56.0,61.8,46.1
311,204420,107.15,119.39,37,113.4,108.06,113.2744,122.0404,46.5,40.9,40.3,33.8,61.5,32.9,44.4,34.2
312,204521,111.51,103.64,37,100.29,104.06,106.9263,118.0931,53.1,50.0,52.1,48.5,36.6,43.7,36.8,39.1
313,204622,100.0,105.15,39,91.62,104.06,107.8739,109.2306,62.8,71.6,50.2,37.1,44.8,32.9,35.0,34.2
314,205725,143.94,134.24,36,136.33,117.39,120.11,116.94,51.7,52.2,36.8,51.3,58.1,53.7,51.1,51.0
315,206222,107.03,110.99,36,113.4,108.06,122.4272,114.7284,42.1,46.5,35.1,59.0,63.3,59.7,55.0,56.3
316,206323,126.71,110.91,40,124.27,100.43,107.2102,99.88036,60.1,57.4,55.7,43.9,36.6,41.4,47.1,34.2
317,206525,124.48,129.3,37,124.27,126.18,133.2912,114.2429,69.1,63.0,48.4,51.3,47.1,44.3,38.8,38.5
318,206828,120.58,121.55,37,150.84,144.5,118.3779,129.0995,68.2,68.2,50.2,35.4,50.7,41.7,39.1,34.2
319,208125,118.53,130.21,34,146.95,121.89,120.4676,130.0979,40.5,40.8,42.0,48.1,56.9,53.6,57.9,54.3
320,208226,107.52,102.37,39,108.11,133.93,126.13,123.46,57.1,50.0,60.2,41.9,52.8,51.2,32.3,38.1
321,208327,118.33,126.95,35,107.8,126.18,117.4496,113.3058,50.9,50.0,48.4,54.8,53.8,54.4,48.3,48.1
322,209228,118.18,111.29,38,115.83,108.06,128.4495,134.8629,57.1,48.5,44.4,50.3,53.0,51.2,55.2,55.0
323,209329,113.47,115.31,39,117.2,133.93,113.0886,120.7908,69.1,52.0,58.2,43.8,44.2,51.2,40.2,41.5
324,209935,129.69,134.94,33,105.32,93.9,109.65,105.64,40.5,31.1,28.6,58.5,67.8,46.9,59.6,55.0
325,210011,125.89,124.78,38,112.21,112.89,122.99,121.99,55.0,40.1,50.8,46.8,40.5,42.3,52.9,41.5
326,210112,109.59,98.12,40,134.82,93.9,114.9571,119.1651,57.1,51.6,44.4,54.8,57.5,54.4,50.2,51.3
327,210617,113.37,114.97,33,113.77,112.89,113.03,124.34,62.9,61.4,57.2,41.3,42.8,46.0,48.6,39.4
328,211215,134.69,142.11,39,122.01,117.39,140.9,150.71,44.3,52.2,48.4,43.4,51.4,49.0,46.1,48.2
329,211316,112.93,103.32,35,100.29,100.43,116.5653,124.0462,50.9,48.1,37.7,57.0,56.3,55.5,54.9,56.1
330,211417,129.6,123.33,37,114.09,121.89,121.67,129.49,65.8,51.9,54.1,46.0,47.1,51.2,46.4,44.7
331,211619,101.14,108.59,37,138.72,100.43,126.9043,121.2301,59.9,45.8,50.2,44.1,53.4,49.0,36.0,42.4
332,211821,116.45,116.83,38,113.4,96.99,120.3479,113.545,54.4,40.8,44.4,47.5,60.6,49.0,54.0,43.6
333,212015,119.42,121.83,39,98.16,130.38,123.7278,132.1965,74.6,71.6,71.6,42.6,40.9,52.9,54.1,55.0
334,212419,143.94,122.84,38,107.43,100.43,116.5,132.65,57.1,53.6,50.2,45.6,48.9,56.0,46.9,43.8
335,213017,130.33,115.22,36,121.22,104.06,113.0227,104.1119,62.8,55.7,58.7,49.0,56.2,51.2,43.0,42.3
336,213522,124.7,119.7,32,128.25,108.06,130.9884,115.4713,38.5,35.4,40.0,58.4,57.5,54.2,67.6,53.5
337,214019,109.82,115.08,32,113.47,117.39,112.48,121.37,49.3,42.5,42.7,54.9,54.6,53.7,52.0,51.2
338,214423,107.42,118.51,29,110.93,80.79,112.53,109.64,57.1,48.1,50.2,54.8,60.2,53.7,48.3,51.2
339,214726,126.42,127.35,38,109.49,117.39,120.23,121.13,52.6,44.5,42.0,56.6,52.2,51.2,50.2,53.3
340,217429,113.36,120.56,37,110.52,126.18,123.93,127.56,48.0,55.7,38.4,54.1,45.1,55.7,55.3,49.9
341,219231,115.62,106.37,34,94.84,126.18,125.59,124.53,54.4,44.6,46.2,41.5,44.5,52.1,49.3,47.6
342,220721,124.54,120.07,37,144.47,108.06,126.0119,113.2663,56.4,40.8,42.0,62.4,58.9,59.8,61.5,62.2
343,227533,93.8,93.04,38,91.62,93.9,116.2984,108.6897,52.6,55.9,48.4,45.0,42.4,46.7,39.4,38.9
344,228434,114.31,108.78,35,89.64,126.18,115.2745,118.6391,74.6,66.6,62.9,34.5,47.1,50.2,39.9,34.2
345,231928,122.01,109.29,37,127.9,117.39,119.63,114.57,42.6,44.2,48.4,45.7,58.9,51.2,60.4,43.8
346,237334,107.73,106.83,38,88.71,108.06,111.5107,114.7226,43.7,54.7,48.4,51.8,55.6,49.3,55.0,42.4
347,238033,107.73,102.48,34,83.25,104.06,123.1709,123.11,43.3,48.1,42.0,56.8,58.3,59.7,53.5,56.9
348,239944,110.94,95.01,32,107.32,112.89,119.53,111.24,74.6,71.6,50.2,46.0,36.6,43.9,39.2,42.2
349,245333,114.06,109.18,39,118.92,121.89,115.56,122.86,54.4,50.0,48.4,53.8,47.2,51.2,53.6,48.1
350,248339,129.94,119.39,40,145.54,117.39,135.7188,129.5978,42.6,37.9,31.2,60.7,66.6,54.2,55.6,55.9
351,249947,108.1,125.19,37,116.3,96.99,118.63,111.32,74.6,71.6,66.8,35.6,36.6,46.0,38.3,34.2
352,250932,114.23,102.83,36,103.08,117.39,129.4,127.43,55.0,46.3,48.4,45.9,46.4,52.0,51.8,46.1
353,251833,122.94,116.43,33,114.9,108.06,133.13,126.75,55.0,52.2,50.2,44.2,51.4,46.0,43.6,47.9
354,255639,112.12,108.31,34,119.11,108.06,109.63,112.84,55.2,56.4,44.4,54.0,57.2,46.9,45.1,45.7
355,255740,103.93,114.97,36,114.52,126.18,117.5933,114.8512,45.9,43.4,48.4,52.9,59.5,61.3,55.1,57.5
356,257845,138.87,123.33,36,97.15,117.39,109.7724,130.7467,69.0,71.6,52.1,43.2,36.6,42.7,41.5,34.2
357,257946,104.54,115.38,38,124.27,108.06,101.4552,107.9568,55.0,51.9,58.7,58.8,67.0,59.7,59.2,47.1
358,263436,97.19,90.61,34,99.14,100.43,125.4211,123.4976,58.7,51.9,48.4,52.4,53.8,61.5,59.5,49.4
359,268749,105.69,126.63,35,145.54,108.06,117.5115,109.909,57.1,67.2,60.2,35.1,47.6,42.9,37.6,34.2
360,268850,110.66,100.21,37,109.71,108.06,101.66,92.47,51.8,67.7,38.4,37.1,59.0,46.7,48.4,34.2
361,270332,125.81,119.16,29,122.72,126.18,135.7043,132.9079,57.7,42.1,46.5,48.1,44.0,49.3,40.0,46.3
362,274542,107.69,113.2,33,129.82,100.43,100.0522,109.7589,43.8,40.8,50.2,58.8,58.4,67.1,55.6,58.9
363,275645,112.4,108.4,38,118.67,104.06,120.2309,109.3343,47.0,53.8,42.0,58.5,44.6,51.4,61.9,62.2
364,281135,114.23,101.35,39,122.72,100.43,117.6387,126.5793,57.1,48.4,58.8,34.5,57.1,32.9,25.4,43.3
365,285345,103.33,100.02,36,91.62,112.89,110.4541,106.8626,69.6,63.7,48.4,34.5,40.9,39.1,44.1,38.9
366,285446,124.56,115.87,31,140.59,117.39,116.7069,113.473,62.8,59.9,50.2,39.2,42.8,50.7,43.7,45.6
367,286347,93.24,89.75,37,96.06,130.38,142.8163,132.9079,43.1,38.6,38.1,56.6,40.5,63.3,69.3,64.0
368,286650,121.3,118.28,34,140.59,117.39,112.2598,105.8639,49.2,55.9,50.2,42.4,55.2,43.7,48.2,46.3
369,290136,112.65,128.63,38,150.84,130.38,148.5436,134.8629,62.5,48.1,63.7,51.3,54.7,53.5,48.7,48.1
370,293748,118.62,122.53,36,125.79,104.06,115.97,125.47,52.6,52.2,50.2,44.3,36.6,49.2,47.9,38.8
371,297655,107.52,93.17,37,105.28,126.18,117.4114,123.1803,51.1,71.6,48.4,41.6,36.6,51.2,55.6,45.8
372,299154,105.89,97.58,36,131.64,117.39,120.644,129.4478,64.5,61.7,58.2,49.0,47.1,37.4,36.5,38.1
373,299760,97.94,97.81,38,113.4,108.06,135.9823,150.705,47.0,43.2,54.1,44.3,54.3,51.2,63.1,53.3
374,300618,126.59,99.89,39,117.81,108.06,107.61,122.33,58.2,50.0,52.6,42.4,55.5,49.2,31.4,44.7
375,300719,119.81,107.0,37,144.47,126.18,114.5187,126.1895,45.4,34.8,39.9,49.8,51.9,42.9,43.5,51.2
376,303119,127.11,120.7,31,108.63,100.43,111.31,119.5,38.9,50.0,42.0,54.8,60.8,49.3,57.4,48.1
377,304020,108.07,122.84,38,108.86,126.18,114.46,116.75,57.1,42.4,50.2,35.6,53.0,39.4,38.6,45.5
378,304727,116.08,103.16,38,98.16,133.93,110.9109,107.5667,71.9,62.5,50.2,42.4,36.6,51.2,38.1,41.8
379,307127,102.03,128.63,39,118.07,100.43,123.77,119.0,48.9,50.0,44.4,62.3,62.3,59.8,65.7,58.9
380,309636,132.18,142.11,39,113.4,126.18,126.2074,123.4713,49.6,53.9,48.4,47.7,49.7,52.9,52.5,49.4
381,310621,109.67,107.28,38,128.25,117.39,126.3469,116.4717,57.1,62.8,60.2,44.5,40.5,49.6,45.3,45.1
382,314225,105.06,107.53,31,96.06,112.89,106.0165,104.8443,52.6,40.8,46.9,57.0,58.8,49.3,49.9,48.1
383,316633,118.84,115.57,37,122.52,130.38,130.65,149.29,40.6,50.3,32.9,55.4,50.6,65.6,65.4,52.5
384,316835,122.83,119.16,32,124.27,100.43,111.4419,108.3182,62.8,59.8,52.7,44.7,42.4,51.0,43.7,47.6
385,318637,103.82,109.29,32,114.52,112.89,121.4511,108.0348,41.3,42.4,42.0,39.2,36.6,51.2,43.9,41.7
386,321323,107.01,105.63,40,83.25,117.39,106.914,114.9479,47.5,50.3,55.7,42.1,47.1,37.6,42.6,34.2
387,322224,113.96,102.83,39,110.12,104.06,125.4787,126.8284,55.0,68.2,46.5,40.1,47.1,49.0,47.5,47.6
388,325129,107.65,92.34,33,115.83,108.06,128.5762,123.5111,60.1,44.8,51.6,44.3,63.9,52.9,50.8,45.5
389,329844,126.59,117.71,33,151.81,108.06,119.9015,114.3654,60.3,71.6,71.6,36.6,36.6,41.8,37.1,34.2
390,330324,126.52,110.53,36,118.67,117.39,119.882,123.1362,45.4,36.2,42.0,52.0,40.8,40.0,43.4,49.9
391,333330,105.24,102.45,32,104.06,100.43,115.398,107.3443,47.7,40.8,54.2,50.9,42.8,44.5,40.9,45.0
392,334635,103.23,116.58,34,88.35,96.99,118.21,118.84,60.1,57.6,50.2,52.8,62.6,57.6,56.8,49.2
393,336841,142.78,131.49,36,104.06,100.43,124.5077,126.8675,59.4,50.7,55.1,50.1,44.0,51.4,48.5,41.9
394,339847,123.99,109.62,36,117.98,104.06,122.84,111.28,62.5,55.8,54.1,46.0,55.6,32.9,39.0,34.2
395,341834,129.84,119.97,39,144.47,104.06,126.3601,120.9348,64.8,58.0,65.1,46.8,51.2,49.0,47.5,42.3
396,346945,108.18,121.28,36,131.64,117.39,108.8866,117.1111,63.4,51.4,67.8,50.8,62.8,37.2,58.0,39.5
397,348545,109.36,134.18,35,145.54,126.18,106.6941,118.3491,53.1,53.9,51.8,73.5,68.0,65.1,77.2,59.8
398,349244,118.71,114.97,37,142.84,112.89,112.1411,109.4892,55.0,50.0,50.2,43.7,49.0,51.2,38.9,46.1
399,350330,126.71,113.89,36,129.82,112.89,115.8581,117.1544,55.0,48.1,52.1,52.0,36.6,46.0,52.6,42.9
400,352738,129.78,131.35,35,123.98,117.39,114.89,134.86,57.1,50.3,55.4,52.1,43.6,56.0,58.9,43.6
401,353740,132.18,110.46,39,140.59,100.43,112.3109,110.9647,62.8,63.3,61.9,49.0,47.1,53.1,33.7,34.2
402,356948,99.49,121.18,35,112.24,121.89,118.2,119.15,57.1,62.5,52.7,45.2,47.1,49.6,38.1,44.9
403,358144,122.33,117.4,36,144.47,117.39,114.167,108.5283,52.6,51.8,52.7,28.6,56.3,32.9,48.5,34.2
404,360030,125.88,103.81,39,138.72,112.89,117.2165,126.7576,41.3,38.7,40.3,49.7,55.5,51.4,52.9,58.8
405,361234,115.16,101.93,38,92.72,108.06,114.3264,118.1379,46.6,42.5,40.2,45.1,36.6,49.0,50.1,46.1
406,361941,118.76,116.72,36,121.97,100.43,121.5,128.43,36.8,30.9,40.3,56.6,59.4,70.6,64.0,62.4
407,365343,125.86,120.36,39,111.11,108.06,133.5008,122.274,55.3,56.4,45.0,49.8,40.8,46.0,42.9,41.8
408,366042,124.42,127.29,40,111.26,117.39,123.72,123.78,49.6,51.4,42.0,48.4,49.4,61.6,64.9,51.2
409,371843,106.1,106.59,31,111.81,112.89,117.14,111.27,38.6,37.9,34.4,59.9,63.1,63.6,68.8,60.5
410,377451,107.32,101.21,37,117.24,108.06,117.54,124.74,40.1,44.0,38.4,59.3,52.7,69.4,66.1,57.3
411,378857,104.34,118.51,34,101.6,112.89,123.2775,123.1061,58.7,62.5,48.4,44.1,43.3,52.1,45.0,45.7
412,379657,107.79,111.04,39,111.11,100.43,115.3796,123.0173,47.0,44.5,42.0,55.6,63.6,63.7,53.8,54.3
413,380036,120.64,117.09,38,124.78,121.89,125.42,125.76,55.0,51.9,45.0,57.1,45.0,42.1,45.7,43.0
414,381038,108.11,109.72,36,124.27,100.43,108.8521,114.4867,40.6,50.0,38.4,56.8,59.6,63.7,50.4,51.2
415,381543,121.3,117.28,39,138.72,130.38,110.9665,112.1068,70.6,67.2,60.8,43.6,63.1,44.3,34.8,34.2
416,385046,108.63,106.29,35,98.16,93.9,120.3897,118.5012,57.1,50.0,50.2,38.8,36.6,43.3,43.6,34.2
417,386250,101.79,111.1,30,103.02,117.39,125.75,124.22,42.0,42.5,50.2,60.1,69.8,63.3,57.1,62.2
418,389357,81.27,100.57,34,140.59,117.39,111.8796,113.9523,49.8,64.3,50.2,40.1,51.4,46.2,42.4,44.2
419,391748,129.46,130.09,38,140.59,117.39,111.4085,108.1461,41.7,50.0,50.2,28.6,49.0,46.2,35.8,50.8
420,392750,115.03,128.76,36,131.64,117.39,123.9379,122.6647,47.0,40.5,42.7,56.6,57.0,49.6,47.2,42.3
421,393550,143.94,130.09,37,131.64,112.89,112.432,119.3878,59.1,58.7,67.6,44.2,45.0,40.9,39.1,38.9
422,394956,119.05,106.59,37,124.27,96.99,106.2325,88.30461,56.2,48.5,51.8,28.6,40.9,49.9,42.4,39.4
423,395251,115.22,115.16,40,110.12,108.06,137.458,131.344,64.5,48.8,58.5,45.8,59.8,53.9,48.2,42.0
424,395756,110.09,108.94,37,112.27,93.9,120.8237,111.0214,55.0,51.9,50.2,35.2,36.6,37.6,34.1,38.9
425,397154,113.18,106.97,35,120.63,130.38,133.16,133.35,42.3,38.2,44.4,50.3,46.5,58.3,51.4,48.5
426,401422,136.1,120.9,38,140.59,130.38,118.3448,120.9707,74.6,57.5,50.0,52.0,36.6,57.7,53.0,48.5
427,406432,98.1,119.7,36,126.95,108.06,112.1483,120.9966,45.1,62.5,56.7,33.0,41.4,32.9,36.3,34.2
428,406836,115.43,106.72,35,124.27,117.39,115.9536,114.1835,67.8,58.0,67.8,28.6,40.5,32.9,35.5,34.2
429,412528,125.25,115.66,27,108.72,100.43,114.22,110.64,57.1,51.9,59.0,34.5,42.4,36.8,36.3,34.2
430,413934,98.58,104.78,40,107.8,117.39,130.2894,124.0304,57.1,58.7,46.2,49.5,47.1,54.2,54.1,45.6
431,414229,121.78,119.02,34,123.47,130.38,112.38,113.57,57.1,50.0,58.7,46.3,51.5,43.6,40.8,38.8
432,415837,117.1,109.26,40,122.43,100.43,114.38,101.47,60.3,53.6,44.4,47.6,47.7,51.9,40.1,42.7
433,421226,111.96,124.78,35,129.82,100.43,123.1792,127.2061,54.4,53.9,45.6,49.8,49.8,54.0,50.0,47.9
434,422632,123.59,107.18,37,106.69,117.39,116.03,116.73,55.0,48.1,60.2,40.9,48.2,56.5,41.0,41.4
435,424939,129.94,126.74,33,104.06,108.06,124.0227,129.4052,54.5,53.2,34.5,52.0,51.5,49.3,41.6,54.1
436,429040,121.25,120.07,38,119.9,80.79,149.5326,121.0644,62.8,58.7,48.4,45.1,49.7,51.2,42.2,45.8
437,432332,108.39,99.55,37,140.59,112.89,118.2358,116.6336,65.8,51.7,56.4,45.6,50.3,37.6,32.3,42.3
438,436239,102.83,99.41,37,112.17,108.06,114.92,110.12,50.8,50.0,50.2,50.3,47.8,60.5,54.2,46.1
439,436845,116.55,105.51,38,108.62,96.99,123.13,121.82,48.0,59.9,50.2,49.8,59.6,56.0,47.4,49.9
440,441939,125.09,122.53,37,104.06,112.89,119.4397,126.5796,70.6,71.6,48.4,53.5,40.5,57.7,56.5,48.1
441,445543,128.87,122.84,33,113.03,100.43,105.29,114.35,51.7,40.5,48.4,60.7,63.6,59.8,60.5,49.4
442,448347,128.43,132.75,34,121.85,117.39,129.64,122.4,54.4,50.0,55.7,45.6,48.9,49.6,43.6,46.1
443,459453,116.47,108.78,40,125.64,96.99,114.1966,125.3793,61.0,67.2,42.0,56.3,48.3,56.0,61.5,57.5
444,461743,102.39,99.34,38,117.2,112.89,111.4476,99.953,64.1,53.9,52.7,44.5,56.2,49.0,42.0,34.2
445,463040,99.31,93.31,37,115.83,108.06,118.558,125.9491,54.4,52.2,48.4,52.8,36.6,51.2,42.2,45.6
446,469961,119.67,107.18,39,152.77,117.39,121.2793,118.0655,67.8,59.5,51.8,50.9,53.0,46.9,47.5,43.8
447,475855,106.99,105.26,34,104.06,108.06,127.6883,126.0508,57.7,52.2,57.2,44.6,58.0,41.4,42.8,34.2
448,479762,107.29,101.98,29,96.2,104.06,117.47,120.5,57.1,56.4,52.7,46.3,49.3,54.9,46.8,49.4
449,480141,127.22,111.64,39,119.21,100.43,100.51,104.49,,,,,,,,
450,481042,106.43,93.29,36,98.16,112.89,112.9854,110.5941,70.1,62.9,52.2,50.3,55.5,57.7,58.8,51.2
451,481951,122.18,127.73,39,134.82,108.06,115.3583,124.8643,53.1,58.9,48.4,54.5,48.2,66.9,59.4,59.4
452,485757,116.16,118.51,38,119.34,126.18,118.18,119.97,64.5,52.2,58.5,42.4,36.6,38.6,42.4,34.2
453,486759,111.94,114.15,32,122.36,108.06,118.57,118.18,62.5,48.1,62.4,28.6,36.6,32.9,38.9,34.2
454,497865,123.76,105.72,35,109.73,96.99,113.09,135.29,53.1,52.2,48.4,39.7,36.6,51.2,35.0,34.2
455,499566,143.94,119.16,37,118.38,117.39,129.16,128.54,50.3,40.7,42.3,52.8,59.0,60.5,55.2,53.3
456,500222,125.34,115.92,36,128.98,100.43,110.39,119.99,57.1,32.7,44.4,53.8,51.1,54.0,51.8,62.2
457,506234,111.38,122.08,31,119.98,117.39,127.1319,127.9873,51.2,58.1,48.4,51.6,57.1,63.3,56.5,60.5
458,510225,126.99,102.33,37,128.25,112.89,118.1833,131.344,44.8,45.8,48.4,47.8,41.4,53.6,43.1,51.3
459,513130,106.13,94.89,28,99.14,112.89,110.2865,102.2089,57.1,64.3,50.2,54.7,36.6,46.0,58.9,49.4
460,513736,122.83,132.04,40,128.25,117.39,132.9748,132.6527,64.5,58.7,61.2,47.5,61.7,54.4,55.5,48.2
461,518746,104.57,115.38,37,107.8,100.43,106.6806,105.7936,62.8,71.6,60.2,48.4,56.1,51.2,46.8,51.2
462,519950,109.42,103.6,38,114.69,112.89,113.41,111.28,47.0,46.1,42.0,54.1,58.4,56.0,51.5,53.4
463,520228,100.6,88.07,37,115.83,121.89,116.9727,119.8455,45.2,44.2,43.8,38.6,45.8,64.9,42.6,51.7
464,522434,114.05,125.19,36,120.42,112.89,116.77,112.05,60.1,60.5,52.7,56.4,52.2,55.1,49.9,55.0
465,524135,133.54,133.58,36,151.81,126.18,107.09,109.0726,41.8,29.4,36.4,53.4,41.0,64.9,57.2,69.5
466,525541,129.94,120.49,40,145.54,108.06,124.7796,119.427,60.1,35.4,44.4,44.7,50.1,56.0,46.8,49.9
467,529549,115.79,101.35,38,129.82,112.89,102.5349,104.2302,55.2,58.6,52.7,47.2,65.8,51.0,51.8,43.8
468,529953,109.67,118.28,39,96.06,117.39,118.7449,121.1285,57.1,50.0,61.6,35.2,48.9,32.9,27.8,34.2
469,531536,116.89,112.65,29,96.35,100.43,126.12,128.0,63.3,48.1,48.4,53.8,49.0,51.2,45.9,49.9
470,540436,111.14,127.5,40,84.34,93.9,124.1341,143.8197,46.2,43.4,42.0,49.3,53.3,56.2,48.1,49.4
471,541640,129.82,125.61,40,105.28,126.18,142.8046,143.5944,55.0,43.6,46.5,47.1,41.0,49.0,48.0,53.4
472,541943,114.55,107.48,36,108.78,112.89,106.74,112.91,40.1,45.9,44.4,44.1,60.9,51.2,54.9,48.1
473,545345,107.15,103.6,37,93.56,108.06,118.87,127.27,60.1,58.7,46.2,44.4,50.7,53.7,36.6,43.9
474,547046,107.6,98.8,34,106.39,121.89,117.24,110.03,49.2,50.0,50.2,51.3,49.1,58.0,54.6,50.9
475,548250,129.6,125.46,33,133.26,121.89,105.6911,134.8629,43.3,34.6,50.2,49.8,59.4,53.7,59.9,55.4
476,553344,97.26,100.04,34,91.62,117.39,129.4895,122.3441,67.7,55.9,46.2,56.1,41.4,59.8,54.1,49.9
477,555651,117.31,118.42,39,105.28,96.99,122.5177,111.9075,57.1,52.2,42.0,44.8,56.3,61.6,48.9,43.3
478,555954,118.76,115.12,38,119.98,117.39,111.3276,100.8923,57.1,50.0,61.2,36.8,54.8,49.0,43.6,41.0
479,558657,117.23,96.75,38,105.28,108.06,130.9032,125.763,46.5,45.0,47.2,49.8,61.9,53.5,64.5,54.7
480,558960,110.27,102.99,34,121.22,112.89,125.2023,120.5834,71.4,46.8,42.9,57.8,53.6,50.4,58.2,57.5
481,559053,117.13,121.42,36,100.96,112.89,114.12,117.1,57.1,50.0,62.4,43.0,45.1,51.4,50.2,47.9
482,561242,122.94,115.22,39,119.31,126.18,118.64,120.51,57.1,60.0,55.7,52.0,58.7,52.9,49.5,48.2
483,561444,121.3,122.27,39,138.72,117.39,107.5462,126.2751,45.4,52.2,48.1,49.8,63.7,44.3,47.8,49.4
484,561949,138.23,118.42,35,142.84,126.18,110.173,110.4088,60.1,59.5,48.1,55.4,56.7,50.7,41.1,44.1
485,562446,103.01,100.64,30,102.91,112.89,119.7413,123.7926,65.1,61.3,48.1,58.8,36.6,43.2,47.5,50.6
486,565452,113.39,105.51,29,114.14,93.9,110.06,105.57,46.5,40.1,57.1,41.9,53.5,46.0,50.4,34.2
487,566454,119.5,115.38,34,112.27,130.38,113.5189,114.7428,55.0,42.4,44.4,44.2,45.2,45.7,45.3,49.9
488,567052,120.05,103.54,33,105.32,130.38,133.17,115.87,57.7,50.0,50.2,52.0,54.7,52.4,41.2,53.5
489,567759,128.41,120.49,39,134.82,133.93,112.985,113.5097,57.1,48.1,50.2,49.8,53.8,50.4,47.6,49.9
490,567961,111.55,114.29,33,100.29,100.43,110.1721,104.4426,41.0,55.9,50.3,55.9,61.9,62.9,67.4,48.5
491,568963,118.23,129.54,35,119.63,104.06,132.41,125.04,55.0,53.8,50.2,39.0,36.6,53.5,42.2,34.2
492,570243,109.02,108.14,36,109.78,117.39,110.57,102.94,48.3,54.4,42.0,55.9,71.9,58.0,64.0,50.8
493,571144,133.57,126.74,35,151.81,137.98,123.2734,130.7467,57.1,55.8,50.2,33.6,63.8,32.9,42.0,34.2
494,572045,122.46,106.78,38,94.92,104.06,116.8439,107.1665,47.5,42.4,50.2,39.9,36.6,46.0,49.1,45.8
495,573249,128.03,131.82,36,123.59,121.89,116.74,112.07,57.1,52.2,46.2,50.8,52.2,56.5,54.3,47.9
496,573451,122.88,131.94,38,126.95,108.06,127.5815,125.999,67.8,51.9,50.2,40.4,53.0,36.5,28.0,42.8
497,578057,100.58,110.3,29,112.27,93.9,107.7722,106.2737,54.4,55.7,65.9,58.8,57.5,46.0,51.5,43.3
498,579867,118.76,105.94,38,112.27,144.5,110.3327,119.9208,55.1,58.7,44.4,52.9,41.0,46.7,41.0,51.2
499,580044,116.98,107.53,34,118.0,108.06,115.47,114.58,38.6,46.1,48.4,48.3,57.5,54.2,55.4,49.9
500,580751,124.39,135.02,40,126.95,126.18,125.4024,117.0686,68.3,40.8,50.2,39.8,43.6,49.2,42.5,51.2
501,581450,143.94,125.71,36,144.47,117.39,113.3793,125.8265,59.7,53.6,52.7,28.6,53.0,37.6,38.0,34.2
502,583858,115.75,99.73,38,118.87,96.99,105.18,109.5,58.7,56.2,51.0,59.0,48.3,40.1,45.0,34.2
503,585862,115.56,118.19,35,116.06,104.06,109.12,95.25,64.5,57.6,65.9,33.3,44.1,38.7,34.1,34.2
504,586460,128.41,121.42,38,105.69,93.9,111.12,105.29,61.8,60.0,46.1,42.4,36.6,43.3,33.9,38.9
505,587664,112.74,109.72,35,102.91,117.39,103.6719,114.8035,42.0,47.3,46.5,44.6,52.9,48.5,51.7,44.6
506,588565,103.3,121.18,33,131.64,108.06,112.1409,104.7151,42.6,50.0,37.9,56.6,64.4,51.2,63.0,53.4
507,589567,130.02,108.46,36,92.72,117.39,98.67896,119.5151,67.6,55.7,43.8,46.8,36.6,46.7,44.2,51.2
508,590047,115.77,122.08,37,100.29,100.43,122.7311,124.3315,39.3,54.5,42.0,57.3,68.2,48.2,70.3,55.0
509,592455,117.02,108.52,30,111.2,93.9,115.39,125.99,65.8,62.3,60.2,47.5,54.9,42.9,49.2,48.1
510,594156,119.93,142.11,36,98.16,96.99,121.3246,114.165,44.6,48.5,50.2,43.9,46.2,46.0,48.6,53.4
511,597869,109.59,101.93,36,125.64,117.39,117.5233,126.7377,52.9,59.5,48.4,47.5,47.6,52.0,45.3,48.1
512,598568,126.42,128.76,39,124.52,108.06,128.39,134.79,57.7,53.8,50.2,57.1,54.8,46.0,49.4,44.2
513,599065,138.38,116.83,33,125.22,108.06,110.05,123.99,64.5,71.6,71.6,37.7,40.5,42.0,44.9,39.1
514,601127,119.76,135.1,35,129.82,130.38,121.1434,130.7911,43.7,35.7,44.1,42.1,58.9,60.9,50.1,58.4
515,611938,118.76,115.73,31,144.47,108.06,127.6962,129.4115,65.8,67.7,61.6,37.9,43.6,41.8,41.6,41.2
516,613538,113.13,99.48,37,110.14,121.89,117.17,114.38,57.1,56.2,60.2,40.3,42.8,32.9,37.0,34.2
517,615744,114.38,115.12,34,146.95,108.06,109.1192,112.4368,67.2,65.9,55.7,54.3,44.0,51.4,41.1,34.2
518,616645,115.85,87.79,36,96.06,126.18,125.7132,131.344,57.1,50.0,44.1,46.3,52.0,49.0,46.8,45.0
519,617748,110.82,106.95,38,112.27,108.06,120.3895,126.8465,33.3,42.1,38.4,56.8,57.7,56.0,58.3,57.5
520,618952,100.89,91.72,35,97.15,117.39,115.6296,112.3592,57.6,42.3,50.2,53.0,53.4,47.2,35.0,51.2
521,620434,113.2,105.81,39,112.38,117.39,118.15,106.9,52.7,52.2,52.3,54.8,56.9,54.4,47.5,50.8
522,622236,114.95,115.5,31,118.67,104.06,113.6821,119.6187,49.2,44.5,50.2,44.8,63.1,51.2,48.2,44.7
523,623844,133.93,119.7,32,122.44,121.89,103.07,121.97,51.1,50.0,33.2,58.8,57.9,48.8,56.0,51.7
524,626648,116.94,114.06,35,126.95,126.18,133.7276,123.217,51.2,48.5,44.4,38.2,53.0,49.3,42.0,42.6
525,627549,129.77,106.44,40,102.71,96.99,105.42,115.19,74.6,65.6,68.7,39.6,47.6,48.0,32.6,39.1
526,627852,105.43,98.07,36,102.91,112.89,121.7409,120.6847,49.1,48.5,48.1,53.4,57.6,46.7,56.8,46.1
527,628248,118.13,104.54,39,115.83,130.38,117.4663,125.3596,59.7,48.8,50.2,42.7,56.7,53.5,45.4,44.2
528,633847,117.58,115.12,30,138.72,126.18,120.778,124.9584,60.3,55.8,52.7,33.6,40.8,49.0,41.4,34.2
529,634748,139.01,116.85,39,137.25,112.89,137.4778,134.7757,59.3,43.8,35.0,42.9,49.5,60.5,45.6,56.2
530,635245,111.29,103.04,37,113.4,121.89,127.8158,118.6812,68.2,51.9,71.6,44.5,48.1,48.6,41.6,34.2
531,638049,106.54,108.4,35,100.96,112.89,119.29,120.31,57.1,48.1,48.4,45.1,52.4,37.6,47.4,42.3
532,644246,103.9,94.11,38,94.92,117.39,119.9684,112.287,64.3,50.0,50.2,28.6,51.4,32.9,37.8,34.2
533,645450,114.09,106.41,37,115.83,126.18,116.4542,114.4602,62.8,65.7,50.2,49.5,36.6,51.4,45.6,48.2
534,645551,106.48,100.04,30,71.74,121.89,118.31,113.82,55.0,42.5,52.7,33.6,53.0,32.9,44.3,34.2
535,647858,112.44,110.3,40,129.82,100.43,114.9331,125.3818,65.8,51.7,50.2,52.4,42.8,49.9,40.3,46.1
536,654350,108.82,117.28,39,119.98,108.06,135.6389,132.921,58.7,53.6,51.0,43.7,45.0,43.0,46.7,34.2
537,654552,121.28,108.14,38,142.84,112.89,111.4654,111.7691,57.1,50.0,50.2,46.8,48.0,58.3,45.3,44.7
538,654754,126.04,117.09,36,110.81,100.43,102.32,100.03,49.6,48.1,65.9,42.4,40.5,46.0,50.6,34.2
539,656657,113.15,119.39,35,98.16,108.06,116.7232,118.4551,55.0,48.1,46.5,54.9,47.1,46.8,43.8,45.0
540,657659,108.28,106.78,40,151.81,96.99,124.1021,112.033,60.1,58.7,50.2,39.4,53.4,49.0,51.6,43.6
541,660951,99.99,105.2,36,86.42,121.89,121.6853,103.0834,59.1,65.7,54.9,41.2,36.6,49.3,42.4,43.3
542,663755,126.65,109.62,39,119.98,108.06,116.7398,125.1381,62.8,55.8,57.1,41.9,40.8,51.9,43.3,46.1
543,664757,120.38,112.7,30,106.57,108.06,106.8153,90.02322,50.5,50.0,48.4,43.8,47.1,46.7,41.9,34.2
544,665254,127.52,120.7,37,114.97,117.39,110.02,115.01,57.1,51.9,50.2,55.1,58.2,64.9,52.5,55.0
545,667056,128.85,116.83,36,128.25,126.18,113.9938,107.0149,49.8,44.5,48.4,41.4,51.3,48.5,48.4,42.6
546,671855,104.88,114.12,36,122.72,121.89,126.2156,126.1058,57.1,56.2,50.2,45.6,51.4,49.0,37.5,43.3
547,672756,129.19,118.15,34,113.26,121.89,112.13,109.32,43.9,40.8,38.4,52.8,55.8,46.0,54.0,45.0
548,677766,123.42,99.55,33,115.83,112.89,119.0355,121.4681,43.0,33.2,42.0,60.1,60.8,64.9,51.1,54.7
549,679568,120.05,120.7,38,137.25,108.06,122.7243,118.6265,71.9,56.7,66.5,46.5,48.2,46.0,46.4,48.0
550,679770,109.7,112.21,33,125.64,96.99,104.1698,106.7394,55.0,64.1,52.7,37.7,48.9,46.9,45.5,38.5
551,680452,95.56,103.64,40,109.05,108.06,110.6525,120.0696,57.7,54.1,52.7,47.2,56.4,54.0,49.2,43.6
552,683256,127.93,119.25,37,119.83,93.9,121.44,124.43,43.7,53.8,55.1,42.8,36.6,45.9,33.4,34.2
553,690152,133.12,129.71,38,121.44,117.39,130.78,129.12,60.1,51.6,50.2,45.6,44.8,49.0,46.3,51.2
554,693764,119.69,103.46,38,96.06,117.39,120.3936,127.3352,46.2,46.5,42.0,49.5,53.6,46.0,45.9,48.1
555,702133,107.73,101.82,37,103.52,130.38,113.14,114.33,69.0,55.8,50.2,40.4,47.5,50.6,45.3,45.6
556,704238,114.89,108.08,39,121.61,108.06,121.77,128.77,47.8,50.5,52.7,46.9,56.2,50.6,59.7,51.3
557,715041,101.33,111.15,37,107.8,104.06,101.7915,103.0799,62.8,62.7,42.2,43.7,46.4,40.5,47.8,39.3
558,715950,113.06,107.48,32,126.95,112.89,116.5789,127.3842,55.0,50.0,54.1,43.9,40.5,42.9,46.4,43.3
559,720337,126.59,126.01,34,144.47,104.06,112.9808,126.9333,48.1,33.6,39.1,50.1,47.1,49.0,34.3,48.1
560,723141,110.87,107.18,40,107.8,112.89,130.8386,122.4627,62.8,55.5,38.1,62.0,60.1,67.2,58.8,57.5
561,724446,125.09,122.95,35,133.26,121.89,129.2438,125.4318,52.7,48.1,46.5,60.5,55.9,52.9,55.0,48.2
562,725751,106.14,124.92,34,103.4,121.89,108.15,102.52,40.5,43.7,42.0,28.6,53.0,32.9,35.9,34.2
563,727553,122.23,116.22,38,109.05,121.89,135.7043,140.056,45.3,35.3,44.4,52.5,36.6,59.4,45.5,52.7
564,728454,125.81,112.21,32,135.98,108.06,129.9566,112.7433,57.7,51.7,50.2,56.6,61.3,56.0,51.8,49.4
565,729557,111.01,117.09,35,111.39,108.06,112.81,113.22,38.1,52.2,52.3,50.9,61.2,56.0,70.1,48.7
566,731140,119.45,130.09,39,118.67,121.89,112.2355,111.7999,57.7,49.1,57.8,37.1,40.5,46.0,36.4,43.0
567,732243,109.36,101.1,39,111.74,121.89,123.86,123.47,60.1,63.4,50.2,41.3,36.6,51.2,39.6,43.8
568,734045,133.93,127.53,38,112.82,121.89,120.49,129.21,57.1,57.7,50.2,45.8,54.5,49.0,35.9,43.3
569,737960,127.95,114.8,40,144.47,112.89,125.0669,128.9706,55.6,50.3,50.2,60.4,64.5,63.3,58.1,62.2
570,748258,143.94,119.16,34,126.95,112.89,107.95,110.94,57.3,50.0,52.7,42.6,47.1,42.7,43.7,43.3
571,749058,112.52,119.7,38,134.82,137.98,120.0951,117.5717,53.1,45.9,52.7,42.4,61.7,42.3,40.9,42.2
572,751348,114.13,116.72,34,107.67,117.39,120.06,135.73,64.7,60.6,60.1,44.5,49.0,46.7,44.0,39.6
573,751550,107.35,107.92,38,97.15,100.43,128.4837,130.3805,60.1,52.2,43.8,42.8,51.5,54.0,41.5,48.1
574,753150,130.44,112.21,40,113.4,117.39,113.7765,126.8726,43.1,46.1,44.4,52.8,53.6,56.5,46.3,48.1
575,757764,101.25,91.03,39,113.4,117.39,135.8287,122.3495,57.1,40.4,52.6,49.8,44.0,51.2,49.3,49.3
576,759869,122.46,110.78,35,106.64,126.18,128.67,124.23,57.7,50.0,46.2,46.3,40.5,43.9,33.6,38.5
577,761957,116.53,122.84,40,124.09,112.89,120.2,128.78,55.0,63.4,48.4,59.0,53.6,56.0,57.2,49.9
578,765056,98.61,111.68,36,111.36,130.38,134.96,125.32,55.0,57.7,56.4,56.6,54.8,57.7,47.5,49.9
579,765864,111.29,107.04,38,106.57,121.89,128.147,140.3496,71.9,53.8,55.1,52.3,51.4,46.9,58.4,47.9
580,767464,111.2,114.7,40,98.16,108.06,119.6124,121.7059,49.7,45.9,52.7,52.8,54.8,53.7,46.0,44.7
581,769064,118.71,123.33,31,96.06,108.06,124.2677,123.9672,53.1,46.5,52.7,41.5,53.0,44.3,47.6,42.1
582,770352,121.41,114.06,36,105.63,104.06,120.91,107.1,62.8,60.6,57.2,44.3,48.9,51.2,38.3,34.2
583,771354,128.57,119.58,36,129.49,130.38,130.05,128.17,48.0,36.5,46.5,42.4,49.7,56.0,38.5,42.6
584,773257,121.37,106.66,36,119.98,108.06,119.8017,120.3751,55.0,52.2,50.2,49.5,45.0,51.9,46.5,43.6
585,774663,107.93,94.89,34,131.64,121.89,118.6114,112.8618,52.6,53.6,48.4,47.2,49.1,40.2,42.6,42.3
586,782561,121.94,113.2,37,129.82,108.06,112.1803,107.1213,69.3,55.5,55.1,40.2,56.3,41.2,41.1,39.4
587,783462,113.81,111.75,34,135.98,121.89,117.2322,123.6347,56.1,61.5,55.1,44.3,40.5,52.9,45.3,43.3
588,784565,116.67,107.87,32,106.99,93.9,118.09,112.59,60.1,57.5,48.4,51.3,46.2,57.7,57.4,51.2
589,788674,99.44,115.12,36,138.72,84.63,118.503,111.9881,67.7,48.1,57.1,45.6,44.7,60.5,52.9,54.1
590,789373,128.43,129.71,39,138.72,126.18,112.1385,116.625,57.7,42.4,46.2,46.0,55.1,41.4,49.9,42.4
591,792564,116.76,113.2,38,112.49,112.89,113.53,111.47,62.8,53.6,48.4,44.3,45.2,54.2,45.8,34.2
592,792766,104.41,100.27,29,114.08,112.89,119.69,119.15,51.8,47.5,52.7,49.4,53.8,46.3,46.8,42.0
593,792867,123.99,112.45,36,112.27,112.89,122.7741,118.4675,40.1,50.0,38.2,54.9,48.3,51.2,52.9,46.1
594,793465,130.22,124.78,38,125.64,104.06,110.309,128.4279,56.2,60.6,42.0,52.0,36.6,51.2,44.3,43.0
595,800941,128.57,125.71,28,129.82,112.89,115.1827,110.484,59.7,57.4,65.1,50.0,53.7,49.2,48.6,47.9
596,803240,110.55,114.12,39,140.59,108.06,110.8964,134.8629,60.3,57.6,42.7,57.1,36.6,53.9,45.0,44.4
597,812746,110.53,113.25,37,105.28,112.89,94.57166,90.25671,64.5,53.8,65.1,58.6,63.9,51.2,50.8,44.5
598,814548,100.69,99.86,36,94.92,121.89,112.885,115.2644,58.7,60.1,50.2,43.3,46.2,38.6,40.0,34.2
599,815247,122.94,116.57,34,80.95,126.18,124.1231,126.995,47.3,52.2,46.1,33.3,55.2,32.9,49.6,42.6
600,816653,103.56,102.48,40,119.91,108.06,115.23,126.42,57.1,53.6,50.2,50.3,51.5,51.2,42.2,45.6
601,818455,108.37,112.65,35,124.27,117.39,145.2744,133.4353,43.8,52.2,50.2,49.8,47.1,50.6,47.1,48.5
602,818859,103.45,104.95,32,115.83,100.43,122.8073,115.6984,47.5,42.4,33.2,63.9,55.5,51.2,55.4,57.5
603,820745,107.69,101.5,33,105.28,108.06,114.0458,129.1732,52.6,40.4,48.4,52.0,58.9,51.2,46.0,48.2
604,825048,107.9,113.97,35,105.28,121.89,117.0847,114.3253,47.6,43.9,50.2,45.1,48.0,49.0,43.5,48.2
605,825553,112.66,111.04,36,121.22,126.18,123.1966,119.0665,57.1,53.9,46.5,47.4,49.4,54.2,50.3,42.3
606,826353,124.33,100.06,39,116.41,108.06,126.37,126.73,57.7,38.8,44.7,43.9,47.3,58.0,44.7,51.2
607,826454,120.38,116.22,39,114.52,117.39,137.5248,119.0828,57.1,52.2,44.4,43.9,36.6,52.9,36.8,44.7
608,832651,107.0,115.57,36,113.4,112.89,125.0357,127.9761,71.9,59.7,55.1,45.6,42.8,51.0,49.6,41.7
609,833148,114.71,112.38,32,110.2,112.89,121.42,117.72,45.2,47.8,45.9,49.0,54.4,49.2,47.2,51.0
610,835657,107.62,104.82,33,102.91,96.99,109.7278,97.46078,37.4,32.7,53.9,58.4,68.4,55.0,56.6,57.6
611,837560,115.48,122.95,29,98.27,96.99,121.77,111.3,45.0,44.5,42.2,54.8,64.0,54.4,55.8,56.7
612,841349,109.65,98.37,36,111.11,121.89,113.8779,119.13,55.0,54.5,60.2,52.9,59.4,51.4,54.2,48.2
613,843151,102.73,102.37,34,110.12,112.89,128.0781,123.7801,45.5,36.2,48.4,54.3,58.3,74.6,70.4,58.4
614,844961,106.99,100.88,35,97.15,100.43,118.0032,106.207,55.0,50.0,48.4,50.3,57.8,55.1,48.3,45.6
615,845458,110.59,109.37,37,100.29,117.39,117.3981,112.4593,51.1,42.1,60.1,52.0,58.7,53.1,40.0,43.0
616,849971,100.12,111.15,32,108.16,100.43,123.85,120.19,57.7,56.1,68.0,39.6,36.6,42.9,46.1,49.9
617,852455,125.08,120.9,31,121.22,126.18,121.5183,117.6974,36.7,36.8,38.1,60.1,54.5,63.3,74.1,71.1
618,856766,118.72,112.38,33,113.3,108.06,99.33,96.26,57.1,55.7,61.6,38.8,56.7,53.7,50.4,42.0
619,857263,118.0,92.73,39,100.57,93.9,92.04,105.38,65.7,63.6,58.7,31.6,58.0,36.8,26.7,41.7
620,859671,99.16,93.16,32,109.07,130.38,122.06,114.49,51.2,53.8,48.4,45.6,49.0,51.2,43.7,45.6
621,861456,106.99,120.36,39,112.5,100.43,113.38,113.48,67.8,71.6,61.7,28.6,36.6,37.9,44.5,34.2
622,870861,118.71,108.4,34,121.22,121.89,121.3197,120.5173,64.5,50.9,50.7,48.7,47.2,51.9,36.9,46.1
623,871762,111.55,104.82,37,102.91,130.38,124.8534,127.6141,56.1,55.8,57.1,33.3,45.8,39.6,36.6,38.5
624,871964,119.07,105.15,40,103.81,117.39,142.8,150.71,60.1,50.0,42.9,46.8,52.5,52.1,52.9,51.2
625,872562,131.62,102.64,33,94.92,108.06,123.8497,118.416,58.7,42.4,50.2,45.8,53.3,51.4,43.5,44.8
626,872764,111.57,111.68,34,123.85,100.43,117.52,116.18,74.6,66.4,58.2,40.2,47.1,49.6,42.5,42.2
627,873968,124.56,126.63,37,111.11,112.89,135.6653,111.8254,62.5,58.6,54.6,44.1,40.5,51.2,45.2,48.1
628,877269,114.42,105.81,38,111.91,93.9,101.94,103.58,38.6,48.8,36.2,49.8,52.0,55.5,52.2,57.5
629,878877,105.83,111.54,37,118.67,84.63,132.6469,126.5767,51.7,48.1,40.3,42.8,56.6,42.9,55.9,46.4
630,880157,122.15,112.09,38,137.25,121.89,123.1615,124.4665,60.5,63.3,52.7,47.5,40.5,51.2,49.4,46.1
631,882161,107.04,119.7,36,100.29,121.89,109.4431,114.157,50.9,50.0,46.1,40.8,52.7,43.7,42.9,45.0
632,884064,108.09,106.66,36,109.05,100.43,119.8196,126.5796,40.1,40.4,31.2,59.0,59.8,50.4,52.4,57.5
633,885975,127.03,107.24,39,108.59,80.79,120.14,124.94,47.6,37.9,40.3,52.6,48.1,55.1,51.4,49.4
634,886674,120.88,136.02,33,94.92,100.43,123.8137,132.6527,43.1,50.0,40.3,57.1,55.1,52.9,54.7,57.4
635,889579,110.71,119.39,37,120.18,108.06,123.75,122.97,51.2,46.5,43.4,48.7,49.0,49.0,54.0,49.4
636,891667,107.8,94.96,39,104.06,96.99,113.7421,109.1613,59.1,62.5,55.7,38.9,59.4,46.3,54.3,38.9
637,894067,130.49,117.18,32,133.26,121.89,108.3378,122.6249,23.7,51.9,50.2,51.3,36.6,54.4,47.4,43.6
638,894673,118.77,106.37,34,104.79,126.18,109.89,117.75,60.1,68.2,60.2,36.9,40.5,49.6,40.8,39.4
639,894774,131.62,109.9,38,145.54,117.39,140.8151,135.7891,64.5,53.6,58.5,31.6,36.6,32.9,26.4,34.2
640,896879,107.34,122.4,36,110.91,112.89,104.93,112.97,55.0,48.1,44.4,49.0,50.0,44.0,43.6,41.4
641,899885,130.44,113.75,39,121.9,117.39,120.11,126.67,41.7,43.2,37.3,56.6,60.3,53.7,51.7,48.7
642,901139,122.87,113.5,34,126.83,126.18,117.01,112.21,57.1,51.9,50.2,42.4,41.4,51.4,45.9,48.7
643,901442,108.13,118.42,38,111.11,108.06,123.1737,125.1485,62.5,62.9,61.6,44.2,44.8,49.0,45.4,34.2
644,902242,117.96,107.98,38,114.52,108.06,121.7991,123.3236,57.1,50.0,54.1,49.8,47.2,48.5,48.6,44.1
645,904044,111.43,111.24,36,110.33,96.99,116.3,112.31,74.6,66.3,65.0,28.6,36.6,46.0,37.3,34.2
646,905147,114.09,107.48,37,124.27,108.06,116.1135,128.0415,51.2,52.2,50.2,57.0,53.0,46.0,50.9,46.1
647,907656,130.15,114.97,36,115.83,117.39,112.2165,111.3878,44.0,46.5,48.4,49.0,66.2,45.7,52.9,48.1
648,908860,115.29,114.97,38,114.52,144.5,130.8818,135.9465,47.5,43.9,42.7,60.4,68.2,46.4,43.6,57.6
649,910241,104.63,92.08,37,103.24,117.39,118.14,119.07,57.1,71.6,50.2,47.5,53.5,51.2,54.0,51.7
650,910443,138.82,121.83,38,133.26,117.39,122.991,122.4565,60.1,50.0,61.9,44.6,51.4,40.4,40.3,34.2
651,911849,93.43,116.34,39,111.11,112.89,123.6109,121.2175,54.4,60.1,48.4,52.8,50.2,57.7,60.1,51.7
652,912447,112.37,108.25,37,114.52,93.9,112.2666,109.4165,58.7,48.5,48.4,43.3,64.0,58.3,64.0,54.7
653,917558,113.58,97.68,33,124.27,126.18,114.2385,113.5625,48.0,52.2,50.2,46.0,43.3,53.1,48.5,42.8
654,923755,118.69,116.43,35,122.72,117.39,112.1132,119.1287,55.0,50.6,56.8,56.9,47.1,44.0,50.2,48.1
655,926862,108.91,125.71,28,82.08,126.18,121.5768,120.0296,52.6,50.0,42.0,51.0,45.7,50.8,46.3,43.0
656,927359,122.83,107.28,38,126.95,126.18,110.2059,113.4772,62.5,58.6,50.2,46.3,40.5,43.7,33.2,38.9
657,930449,117.82,110.63,37,117.57,96.99,111.21,114.29,60.1,46.1,60.1,43.7,49.3,48.5,42.8,39.8
658,932554,108.73,108.31,37,110.06,117.39,116.0,124.69,48.3,50.6,50.2,46.0,59.5,44.0,51.5,46.1
659,933253,138.87,120.07,39,138.72,121.89,121.8092,124.1825,62.8,55.5,56.8,38.8,48.9,38.6,39.4,38.9
660,942658,143.94,135.02,40,140.59,126.18,123.8913,122.0112,69.6,50.0,71.6,41.0,40.5,51.9,34.8,42.7
661,943862,123.42,119.39,33,150.84,104.06,120.4706,126.1751,51.8,49.0,50.2,40.2,45.0,42.0,45.2,38.9
662,951457,128.44,114.2,34,114.03,91.07,111.56,110.79,36.8,43.9,48.4,52.8,43.6,49.0,49.3,55.0
663,952863,119.16,99.32,39,106.57,121.89,106.503,119.1184,70.9,71.6,71.6,49.6,48.7,56.5,44.5,48.5
664,955465,124.87,120.07,32,121.22,100.43,103.231,108.5013,55.0,59.7,50.2,47.2,56.6,44.3,50.4,46.1
665,957974,124.2,108.14,36,112.02,100.43,116.37,109.54,44.4,52.2,50.2,37.9,53.8,46.0,53.2,45.7
666,958976,103.29,107.92,30,108.47,108.06,119.56,114.49,52.6,35.4,42.3,46.3,48.4,54.0,48.9,58.4
667,959574,104.85,100.12,40,125.83,93.9,126.33,131.34,55.0,56.1,61.4,51.1,48.5,57.7,49.5,49.4
668,965367,119.17,97.48,35,133.26,100.43,112.5249,121.1627,43.0,50.0,57.1,47.5,36.6,51.2,48.2,38.9
669,966975,113.18,107.12,34,122.72,108.06,98.60051,97.95284,52.0,53.5,50.2,44.1,50.3,54.9,51.0,42.1
670,969476,109.27,106.32,35,131.64,112.89,104.2118,105.3674,57.1,40.5,45.0,47.5,61.9,51.2,55.2,55.0
671,971160,118.71,123.33,27,122.72,108.06,130.8161,127.9889,46.1,54.9,45.3,51.8,58.1,62.7,60.5,52.7
672,983773,122.83,124.4,35,116.07,117.39,137.52,123.52,42.5,38.6,48.4,57.0,63.4,53.1,54.0,45.6
673,984472,122.17,125.71,40,120.44,93.9,123.69,130.74,60.1,56.5,48.4,38.1,36.6,57.0,42.8,34.2
674,987074,117.45,124.78,38,140.59,104.06,112.0597,119.3207,57.1,50.0,50.2,28.6,53.3,32.9,46.5,34.2
675,987983,115.28,119.16,36,107.88,112.89,120.01,130.75,55.0,48.1,46.5,46.0,53.2,45.7,41.0,42.8
676,989987,117.59,114.12,32,102.91,117.39,120.1907,111.4828,57.1,62.7,33.2,36.2,36.6,42.6,52.0,42.0
677,990366,122.18,112.21,35,146.95,104.06,112.9724,94.23567,55.0,50.5,46.5,46.2,53.0,46.0,49.3,48.1
678,991267,136.1,126.53,33,119.54,121.89,123.14,125.39,51.4,42.4,37.3,50.6,49.1,49.3,46.3,54.3
679,992673,94.96,94.87,34,104.06,100.43,118.4463,117.9919,67.8,64.3,50.2,48.4,36.6,51.2,41.0,41.5
680,992774,126.37,124.64,34,114.31,96.99,106.09,108.69,44.4,50.0,48.4,43.8,51.5,46.7,46.7,42.6
681,993675,120.35,116.43,38,113.4,121.89,135.6653,129.408,51.4,59.8,46.2,49.8,48.9,53.7,49.8,50.8
682,996782,117.78,102.43,37,101.6,108.06,135.3116,133.3478,67.7,42.4,57.2,52.0,48.9,51.2,43.0,45.6
